Sub_ID,CNR,SNR_anat,Cortical Contrast,FBER,EFC,SNR_dti,PercentFD_greater_than_0.20,DVARS,GCORR,SNR,PercentFD_greater_than_0.20_func,DVARS_func,GCORR_func,Outliers
29006,0.03136868333487927,0.08507886357493172,0.1726493229985106,0.40764767219408693,0.1785914128193925,0.23971662170517907,0.7672129420585921,1.0,0.949351522472792,0.6298302340787219,0.016922550842390638,0.19403289081257344,0.1254754803330197,0.015159669347671503
29007,0.036894113550553956,0.08721343619222272,0.17241572141486816,0.42410917663392256,0.1989813190485834,0.24974869457129314,0.7967217279763368,0.8348423297209893,0.8427686746036138,0.706655500428625,0.0,0.20277874933716797,0.04121119100231455,0.007617948192234283
29008,0.024870535890213402,0.08586698829325845,0.1412859398334913,0.39353674260643484,0.13144819918725625,0.22206618095366523,0.8262294811072302,0.8353909663933328,0.850491267813642,0.5579285148628244,0.0,0.1885069825316373,0.05993386851422717,0.006328518471291572
29009,0.05089694633698923,0.12974628527688875,0.17760909154514765,0.5589539131332617,0.16800555723538768,0.27716222703541793,0.6786886498790606,0.9943769542606646,0.8987995085463902,0.46181726350655955,0.21999213714135946,0.16544368406585933,0.10323289678782101,0.014363814241976653
29010,0.049157288969811294,0.1069465289799969,0.16691750366601898,0.34761723551865864,0.14575344646650135,0.09857045283450841,0.7672129420585921,0.576543428387182,0.7840443883058745,0.42768941449747283,0.26229800234247663,0.11517989354960295,0.04353264920189546,0.023835817037803426
29011,0.034055852646397114,0.07674763023288617,0.16578186349401702,0.2986885153848792,0.1603792418756671,0.13929708250142056,0.5311478186508912,0.6746537412537241,0.7832346135456605,0.36380703066493997,0.18614703545657818,0.1781687200755592,0.13188444239551755,0.00878450639903678
29012,0.03863073792408826,0.11295916420828583,0.15232715894172877,0.38632387677093205,0.07475959312391633,0.1476144998676844,0.9147537732867616,0.43189616662811003,0.7118447692403906,0.4212596029348907,0.8884303358914926,0.19535987183639628,0.07767534784840631,0.006532911607755054
29013,0.030533940726284667,0.06366655431346058,0.15241105068883992,0.36231769609150966,0.15175725798991302,0.16842502453166805,0.7377051889276988,0.6181871820017506,0.7939121544508609,0.49679416037255403,0.025383314358726542,0.16058938101027073,0.07111464773143854,0.010128681348879598
29014,0.036341859014401776,0.09622172956799918,0.1580868660273212,0.4180947281016089,0.14121571459189197,0.0927486913125451,0.5606555717817845,0.8126479368142883,0.7698773394871063,0.40876001054526395,0.22845290065769536,0.14763286010451676,0.08200831916624207,0.009454808781063312
29015,0.04413182895134608,0.12740543165461266,0.13799565418363607,0.4738605793605055,0.418333492739809,0.08252404795094867,0.6196721108304226,0.5366213134258488,0.7441188194337174,0.3986222804519927,0.0,0.15216501280248218,0.05721228110075238,0.011282151254576852
29016,0.03567996156798474,0.12105568274448386,0.14053144996780426,0.4440978316003047,0.49195645537730304,0.0822650805899238,0.5311478186508912,0.5424094568745754,0.8040516012913144,0.38377236449500557,0.4907519268098908,0.19131429588833046,0.08427903894124156,0.01389284961333531
29017,0.016305240730053544,0.021350360711611505,0.21837639914169754,0.2526549760962107,0.1203939563195704,0.1461887277130909,0.6786886498790606,0.8779082342999314,0.8143608827065116,0.47260497629417203,0.07615096688589845,0.05762552724275016,0.12034254074849819,0.04620957516117211
29018,0.04345302420838219,0.1237439748858924,0.1564530231485841,0.38952815702287846,0.1155454770995612,0.10407069220869622,0.7377051889276988,0.5628024173468731,0.8024198746788838,0.47488982538094965,0.27075978966853137,0.15731331999378975,0.10004717975331949,0.016773096999220284
29019,0.06783822819472986,0.14850341263676353,0.18001630173473337,0.5443855446503413,0.475197400898522,0.17586902121153028,0.6786886498790606,0.6210038212314801,0.8388758437151063,0.3519296883639051,0.11845683208701563,0.1804841626620219,0.09443478945242477,0.013044630592662122
29020,0.03429384474866028,0.12288959912169028,0.10547728418541708,0.3173013211977254,0.43784818867004716,0.13692497603637097,0.8557372342381235,0.47643566137508975,0.7493525424946883,0.41509998134402865,0.8968910994078285,0.18378661458438864,0.034663503947968036,0.0176483851685514
29021,0.03270293521895144,0.07407444488842108,0.18595852841817406,0.36729265418998097,0.14241519746361597,0.12774307855788883,0.7377051889276988,0.7027003467052855,0.7691636827465098,0.41783363701385506,0.008460763516335908,0.19472780264518832,0.1822220499192247,0.02375995058977113
29022,0.052370851398334736,0.15027856022302472,0.16453398276604597,0.4689851409465464,0.5395200992670157,0.07870358376383271,0.649179863961316,0.5979092398682759,0.793507837465512,0.316308576077351,0.8038175816795393,0.20129726969268338,0.08117427243550791,0.013831263908462035
29023,0.05166006441133593,0.09255783685863062,0.1958943153468075,0.43292907860698066,0.08622389618453274,0.08606192582205421,0.9147537732867616,0.6329406438069025,0.8406649658374414,0.38149876413468214,0.17768627194024228,0.16097955231708186,0.08669265643094265,0.009562806901203405
29024,0.02803773679806021,0.057700956082978094,0.18356918651926069,0.3032016252994655,0.19559665200569332,0.12152971196712267,0.8557372342381235,0.7288533783505395,0.8432821450796653,0.4291137633246856,0.10999606857067973,0.21010009028755852,0.10951736648145939,0.005300601289262636
29025,0.05583897757276897,0.13672613344111328,0.16857674541279583,0.6463199537931853,0.4472248426127401,0.07847991711279781,0.7377051889276988,0.6228074316955285,0.7147348925931807,0.4028301181763065,0.025383314358726542,0.19520894090524202,0.17376036744328746,0.009475933570381293
29026,0.056764596254629276,0.14217399052051127,0.17138368006349264,0.4243638275709923,0.4628390940582232,0.09282106733750578,0.8852460201558682,0.673091340874238,0.7710682234120705,0.3973910483631406,0.4992126903262267,0.19324714896464487,0.10758741072635834,0.007358517071635935
29027,0.05563274972857925,0.14638513285803995,0.14619661886242924,0.4994297387547635,0.40065467696790313,0.09270712921137703,0.649179863961316,0.6426950519688066,0.8313384783064384,0.38859406678328473,0.050767652527171914,0.16872419442387984,0.15425676624869508,0.008469141177670338
29028,0.06114364248972155,0.17160330764051046,0.12311979626155539,0.3444808569751057,0.48752467955981627,0.14299414362723653,0.5016390327331465,0.27761101172362257,0.9561237023844396,0.4151811031477404,0.20306958629896885,0.21841202652175098,0.12202091062625499,0.12552452634095213
29029,0.06372935837339917,0.17567041824901386,0.13208330228120546,0.4685354603228329,0.4083600571354622,0.08444203466297695,0.708196403009954,0.29463370003164235,0.9997909586819786,0.4137653141164482,0.30460489135331265,0.2081536290045605,0.1636464251700787,0.01004537820384724
29030,0.07101672636309846,0.16810209365294126,0.1488513003896746,0.43454415055611323,0.36525888677030394,0.13550150354653165,0.708196403009954,0.3190187505624802,0.9163205677252364,0.4624022943993155,0.17768627194024228,0.14872838772800914,0.018813246071118152,0.054855076376484777
29031,0.061885089608285274,0.16807114196702383,0.13772767470508362,0.42434620532145256,0.19451932796481275,0.17300770896594966,0.7967217279763368,0.35433750991411395,0.9036439864209633,0.39117855189045,0.2369146879837501,0.2165253874859084,0.2107284000897873,0.018809291771248713
29032,0.02783887918592605,0.09262910756217368,0.12702664946342063,0.37801530708286324,0.1553808996628102,0.11651883505673724,0.8262294811072302,0.2632724042777863,0.9394689353539107,0.46192767152032904,0.4146009599239924,0.1582247888906005,0.133244925320567,0.020413197737296218
29033,0.05476473869380359,0.15621898288073333,0.13722127771829812,0.4892863306484869,0.5093758024347099,0.11795677074021979,0.708196403009954,0.5238112760853202,0.8676725333594537,0.44009337888653505,0.17768627194024228,0.17256530766562952,0.13335581546720723,0.011912881697309738
29034,0.0279056887968772,0.10816614984216744,0.11388351251936663,0.39285696639914225,0.2016153685371178,0.11416283719260911,0.7967217279763368,0.3151019288447763,0.9535195864827517,0.35909154221182576,0.025383314358726542,0.22711760338518303,0.07435174095578634,0.03139865941237285
29035,0.04288860316426095,0.12676456632714872,0.1520085734936505,0.3580918023239294,0.18105696745201194,0.058973728973106626,0.7672129420585921,0.3535170539936563,0.8561293357294126,0.4255030549944688,0.008460763516335908,0.20512320336501552,0.07240344760819696,0.012023261131371598
29036,0.011317504497933298,0.05832534782028431,0.11541293918954193,0.2427293736901466,0.17144401401345755,0.0625387991560856,0.9147537732867616,0.4101748138173418,0.883985162007161,0.3428876833002485,0.7192048274675862,0.17703330425922,0.04734557965285246,0.00784941761772727
29037,0.05024466031718959,0.11037707264995889,0.1694721632948839,0.3707807998071246,0.18375501271050565,0.10350828692313693,0.8557372342381235,0.44802479864745126,0.840308220146514,0.3595769714622284,0.5499803428533987,0.20901768063296425,0.08187507041285702,0.015122478722299625
29038,0.04511925191613349,0.1271734841212559,0.13506221888961273,0.3963309978212343,0.13835832637915046,0.19541288476778026,0.8557372342381235,0.43636098960001846,0.9075737907807635,0.40009939625311214,0.3553715200707658,0.13282962898068587,0.08573674792895414,0.018489760143065626
29039,0.04611666393329329,0.14553261077504798,0.13476105971710045,0.42644798199028167,0.1453772463799755,0.10151659482409078,0.6786886498790606,0.32383357409444646,0.9766735465812044,0.4577402553702727,0.2961431040272579,0.16712843345906955,0.15424261758094865,0.04168614976555233
29040,0.06022219451929277,0.17339695183674986,0.13936038602514822,0.34957718795108306,0.5022509239645587,0.18823788166427716,0.9147537732867616,0.37033113854581035,0.856068108404137,0.4176136518773161,0.06769020336956255,0.19262625413666432,0.013128140219736881,0.06805346059036849
29041,0.05122080531857311,0.11393709401145435,0.1596899174537197,0.38702155096891633,0.0951877327852163,0.16339790221365927,0.7967217279763368,0.4674276886621649,0.9015918937354939,0.519196080374543,0.3215274421957033,0.15935644279380315,0.1299718653756591,0.025437341689929165
29042,0.04733463349653379,0.18104232234120948,0.11655445476234344,0.40009148960773405,0.5262016074203253,0.106226574788674,0.7672129420585921,0.4129673655320407,0.8300809102177471,0.36877150120397734,0.2369146879837501,0.17819340952767845,0.05783593452033684,0.019671491639474584
29043,0.0632026414936377,0.1658294229899771,0.1484654932842075,0.5571686798544457,0.4789901042952549,0.09765240703650419,0.7672129420585921,0.4117759881006853,0.8469727831031757,0.3646069868917677,0.08461275421195318,0.1804909780627428,0.18854816288615006,0.007153824039566113
29044,0.05496901535247438,0.19363109324579242,0.09855130052078304,0.4550873469342651,0.11586075938832785,0.12862873467045863,0.5311478186508912,0.27249303727894403,0.9892893260338165,0.388748097923412,0.33844999303809387,0.16873671785393665,0.13953133187638386,0.018911934612704174
29045,0.02686256304444641,0.10358933886268823,0.13377237392745855,0.41324938813214535,0.1709755471270472,0.13088485506274508,0.7672129420585921,0.5544741870161041,0.885124034105222,0.3834101533450171,0.22845290065769536,0.18696921683378107,0.10686837384075357,0.011571036407940683
29046,0.038337974201337235,0.11156033333739762,0.11394786583872624,0.37893273798462546,0.1494531545777662,0.07842599873436551,0.708196403009954,0.3338489697304934,0.9183960391639359,0.4778114141623288,0.21999213714135946,0.20517643273558447,0.31057520077222445,0.036881275913568774
29047,0.024225613475176294,0.06833690702507544,0.14650516444738187,0.32260844613362444,0.17240914162567833,0.08371490560657038,0.6786886498790606,0.5242506686854846,0.914093794896524,0.3907073422739244,0.16922448461418754,0.22064042907831202,0.06548831938735368,0.01540006066745309
29048,0.04431595980876944,0.11485931729603283,0.15980401039299652,0.40027102767847383,0.14521344808509007,0.10169922237619558,0.5606555717817845,0.4000862819362627,0.9483116723911138,0.3467251566217497,0.30460489135331265,0.23448916677745404,0.07221324185067338,0.010293506116235224
29049,0.0767382652287482,0.184911818582648,0.15837260635287398,0.5158564872173557,0.5069355252869527,0.1094770545446015,0.7377051889276988,0.45386957373782755,0.9447359401129354,0.31662834967183345,0.27922055318486727,0.1656527392138508,0.11254678242040435,0.01214078093701297
29050,0.038744013338120845,0.12716376816052444,0.09863099652449919,0.4497438899535689,0.11861421538303452,0.10815836034329904,0.5606555717817845,0.4390452207041411,0.9939315422987474,0.39742051869109046,0.025383314358726542,0.1927984497023363,0.060283908851996436,0.07706430962810418
29051,0.04375178173290538,0.13295929122882988,0.11421334011166001,0.4624716338227755,0.45564147075450023,0.2688401973344682,0.8557372342381235,0.36557297440719005,0.9779980515166427,0.3809173041848383,0.3215274421957033,0.12282461958127555,0.027947192052173393,0.10171436108804811
29052,0.036912715322475545,0.0861738448618205,0.1438006630574769,0.3610531618164607,0.11357609833976456,0.21957720181214777,0.7967217279763368,0.4436161546774646,0.7781018206294654,0.44573569934079565,0.016922550842390638,0.20785336064328444,0.05186070880810287,0.08158773502372396
29053,0.03326306044524212,0.06790418108326907,0.16259969065905994,0.27340181129831537,0.1380290291856171,0.4217364930762927,0.7967217279763368,0.46414888800127074,0.8066820538239359,0.2812796439206044,0.050767652527171914,0.21329082231355936,0.09732338299135213,0.013794369608510704
29054,0.05248534045164431,0.14952233198000742,0.12211058601046293,0.4876729432131019,0.4321522081374978,0.07434251628698751,0.8852460201558682,0.3865348101937358,0.8829127659809284,0.3626270165317727,0.3807558582392111,0.1843763726943279,0.18532888290224836,0.016037638726530724
29055,0.09255203971556779,0.18112218871684188,0.18287199405178778,0.5263180769707224,0.44905780400433115,0.09302932646373374,0.7672129420585921,0.314221431651901,1.0,0.36373731756117705,0.143841170255461,0.1734371506057273,0.04905344286008611,0.024211875417595705
29056,0.05580770737289252,0.1372705341683062,0.1580666366959571,0.3294806953229219,0.32970173219157295,0.15854983548843873,0.9442625592045063,0.38055093499123616,0.9552905823143365,0.36249221202055043,0.008460763516335908,0.22334992835708825,0.15327611451648876,0.008989495756527152
30144,0.030361752055956467,0.10245834318671876,0.1344335292433142,0.3873964319867512,0.18627224881208004,0.09346717398352711,0.6196721108304226,0.38981394100411504,0.9597811088749078,0.4014736704090747,0.016922550842390638,0.1720165809520133,0.20411877174110304,0.009031445439556775
30146,0.031095579736755155,0.14382255015019013,0.11105592964298944,0.35324092671592444,0.1826212286247073,0.10787412598015342,0.9147537732867616,0.3048468580800334,0.9527097132504783,0.36116494080195066,0.016922550842390638,0.2412256469747022,0.06605005949768127,0.022865319153831123
30147,0.0520793847082978,0.13103883346232337,0.15883802377912892,0.43417521814609394,0.1302547106422699,0.1573987978613585,0.8557372342381235,0.4191186447055504,0.9980221756847811,0.3880401363025267,0.37229407091315636,0.20923135903366488,0.2311758364333058,0.011537119642938007
30148,0.03113406780592122,0.1135353971189837,0.12046750025583841,0.39090240955034045,0.18652458705179598,0.07211322840960732,0.708196403009954,0.37904670025231124,0.807254536932912,0.42295279895461796,0.008460763516335908,0.16219968980418661,0.22458290781342738,0.019455495399194396
30149,0.07152332901871446,0.16861120615671726,0.16197738235085202,0.6057538085241491,0.4536979315230789,0.16202457609613255,0.708196403009954,0.39445857773984727,0.9541618695600458,0.4352664336220908,0.5076744776522815,0.20004284089411553,0.14652936958165844,0.012827149155093398
30150,0.09163862659072657,0.24257148546571516,0.14813792064898024,0.4681516173320863,0.5308224541931521,0.13483862068754268,0.6786886498790606,0.6146239255015868,0.9206909602315201,0.4019566608729955,0.6910715602041066,0.1707673099205371,0.0791108970707384,0.006967463911526682
30151,0.026658296099308018,0.11577629282130814,0.12942533760175406,0.41190202846191903,0.2164075529481776,0.1401753974436966,0.8262294811072302,0.35979534406641034,0.8483497736461791,0.38092526448480907,0.15357145782313483,0.17493980062578848,0.025336634710743357,0.02110900195641897
29580,0.02897478323963862,0.28468002360805644,0.03205603035715149,0.3710638914010184,0.41353032194600226,0.16215568404565736,0.29508166245633893,0.1952052820931891,0.4818664576185361,0.5158638891355098,0.0,0.1630081733904258,0.025527666764603156,0.006231527233941293
29580,0.02897478323963862,0.28468002360805644,0.03205603035715149,0.3710638914010184,0.41353032194600226,0.16215568404565736,0.29508166245633893,0.1952052820931891,0.4818664576185361,0.5122292225488889,0.0,0.1668760057326307,0.019634176636301418,0.008598560412548964
29580,0.02897478323963862,0.28468002360805644,0.03205603035715149,0.3710638914010184,0.41353032194600226,0.16215568404565736,0.29508166245633893,0.1952052820931891,0.4818664576185361,0.5056500171891318,0.0,0.16697965587684702,0.02306460700143627,0.003751140656508898
29581,0.02493644431926126,0.27220135004915624,0.01907230990136638,0.3986825808118515,0.30593430627970264,0.20407365030811178,0.44262249368450846,0.21950516458341784,0.5130789344223279,0.6276398192611203,0.0,0.18178466491145476,0.022482590963542846,0.003848874492503445
29581,0.02493644431926126,0.27220135004915624,0.01907230990136638,0.3986825808118515,0.30593430627970264,0.20407365030811178,0.44262249368450846,0.21950516458341784,0.5130789344223279,0.6014507405691221,0.0,0.16295595188301346,0.018821735860925615,0.003489624547409333
29581,0.02493644431926126,0.27220135004915624,0.01907230990136638,0.3986825808118515,0.30593430627970264,0.20407365030811178,0.44262249368450846,0.21950516458341784,0.5130789344223279,0.5978354387335465,0.0,0.1916629613088948,0.015104752996304064,0.0039001959132311764
29582,0.02257250498125188,0.2693420597158741,0.022478962488215348,0.34711167349632244,0.32004643492543217,0.1733962774617084,0.29508166245633893,0.18604884354927398,0.4962650495498395,0.5366199644628378,0.023809718820898825,0.16385297268717688,0.014486403486000781,0.009528147537556462
29582,0.02257250498125188,0.2693420597158741,0.022478962488215348,0.34711167349632244,0.32004643492543217,0.1733962774617084,0.29508166245633893,0.18604884354927398,0.4962650495498395,0.5280157968047363,0.0,0.17833926782148687,0.006072612320887584,0.005495176414804292
29583,0.043065543148867666,0.29645114650800686,0.042397389946766006,0.3674291601941952,0.4270841556435985,0.12032711451846614,0.5606555717817845,0.20123167097979877,0.4757334059623606,0.4310552824501441,0.0,0.1981338421767839,0.0374624406521678,0.005027482076346366
29583,0.043065543148867666,0.29645114650800686,0.042397389946766006,0.3674291601941952,0.4270841556435985,0.12032711451846614,0.5606555717817845,0.20123167097979877,0.4757334059623606,0.42680672634585076,0.023809718820898825,0.20749267732185075,0.0189741617592262,0.009246549133389523
29583,0.043065543148867666,0.29645114650800686,0.042397389946766006,0.3674291601941952,0.4270841556435985,0.12032711451846614,0.5606555717817845,0.20123167097979877,0.4757334059623606,0.41858879081562145,0.0,0.2074172530517672,0.015444163422026062,0.00493644233870761
29584,0.03716473958066534,0.3154454595641605,0.03297937951382768,0.4379050697710912,0.24338673430164837,0.2049491053148276,0.4131147405536151,0.17924926657890028,0.5924194629541983,0.7611501057961709,0.11904757029477529,0.1994407188868065,0.031596100471041784,0.01143864320829919
29584,0.03716473958066534,0.3154454595641605,0.03297937951382768,0.4379050697710912,0.24338673430164837,0.2049491053148276,0.4131147405536151,0.17924926657890028,0.5924194629541983,0.7278507690919918,0.011904859410449413,0.21758658317301874,0.03437123070878458,0.0077390381836654094
29584,0.03716473958066534,0.3154454595641605,0.03297937951382768,0.4379050697710912,0.24338673430164837,0.2049491053148276,0.4131147405536151,0.17924926657890028,0.5924194629541983,0.6881386338579982,0.19047672675747176,0.20168749417705692,0.0673043464051877,0.0641087016181096
29585,0.026045498187698565,0.24910576563713754,0.03240790974309393,0.3746837981159176,0.4147223318099864,0.14489760786530556,0.708196403009954,0.2120985288361914,0.47061473356786543,0.5452241887725984,0.023809718820898825,0.16531993599827946,0.026206028071560694,0.00617529680775265
29585,0.026045498187698565,0.24910576563713754,0.03240790974309393,0.3746837981159176,0.4147223318099864,0.14489760786530556,0.708196403009954,0.2120985288361914,0.47061473356786543,0.5226958694772093,0.035714578231348236,0.16618865972058702,0.024588511015784333,0.009365704084122602
29585,0.026045498187698565,0.24910576563713754,0.03240790974309393,0.3746837981159176,0.4147223318099864,0.14489760786530556,0.708196403009954,0.2120985288361914,0.47061473356786543,0.5183640111547532,0.04761943764179765,0.171975559597805,0.03216110747134039,0.011300298508946177
29586,0.02722831239799199,0.2539097491802792,0.024120386266039573,0.41861834795713126,0.26418926972094303,0.2730142198857193,0.47213127960225315,0.2211303431267042,0.5521381089581816,0.7905557166441735,0.0,0.20877993037020362,0.02636102859730463,0.005127447278459511
29586,0.02722831239799199,0.2539097491802792,0.024120386266039573,0.41861834795713126,0.26418926972094303,0.2730142198857193,0.47213127960225315,0.2211303431267042,0.5521381089581816,0.7879302798061472,0.011904859410449413,0.19692794235437575,0.014689896265358696,0.006999117178738652
29586,0.02722831239799199,0.2539097491802792,0.024120386266039573,0.41861834795713126,0.26418926972094303,0.2730142198857193,0.47213127960225315,0.2211303431267042,0.5521381089581816,0.8194796130394344,0.023809718820898825,0.19867655434833328,0.01299820990778767,0.0074114736374553715
29587,0.0717314022066552,0.43208867808366547,0.04256294024466595,0.3325339570542738,0.3186452170277958,0.17657441597667198,0.3836069874227217,0.16854054075624347,0.5283210956097923,0.585444357201534,0.39285728911567414,0.2219668968131314,0.06271559439366979,0.05621055810472375
29587,0.0717314022066552,0.43208867808366547,0.04256294024466595,0.3325339570542738,0.3186452170277958,0.17657441597667198,0.3836069874227217,0.16854054075624347,0.5283210956097923,0.5999217271272936,0.023809718820898825,0.20828624517241537,0.0491273647148496,0.026528033448699362
29587,0.0717314022066552,0.43208867808366547,0.04256294024466595,0.3325339570542738,0.3186452170277958,0.17657441597667198,0.3836069874227217,0.16854054075624347,0.5283210956097923,0.5577828445633863,0.023809718820898825,0.2129050396391393,0.05964116960723414,0.013198298529424765
29588,0.021525282587135056,0.23283496162455702,0.03856552426769838,0.2710108996016026,0.3889449852270601,0.21025230316883434,0.5606555717817845,0.20917477667313222,0.4873739051346935,0.5961847456210605,0.15476214852612352,0.21922573657227615,0.021953270832995274,0.11979467447381567
29588,0.021525282587135056,0.23283496162455702,0.03856552426769838,0.2710108996016026,0.3889449852270601,0.21025230316883434,0.5606555717817845,0.20917477667313222,0.4873739051346935,0.5977487293227435,0.1428572891156741,0.15623883516537018,0.06563900284614312,0.03739076998725315
29588,0.021525282587135056,0.23283496162455702,0.03856552426769838,0.2710108996016026,0.3889449852270601,0.21025230316883434,0.5606555717817845,0.20917477667313222,0.4873739051346935,0.5822841961440341,0.011904859410449413,0.17367408745719035,0.02545698528762877,0.009539304368149447
29589,0.023040483285867497,0.273546873654703,0.027435957900076746,0.4266217847478528,0.367855298641097,0.17382298497948354,0.2655739093254456,0.21143342308120117,0.4618286142487882,0.6086801754625923,0.0,0.15023412889358512,0.015733826684190294,0.003218290427387941
29589,0.023040483285867497,0.273546873654703,0.027435957900076746,0.4266217847478528,0.367855298641097,0.17382298497948354,0.2655739093254456,0.21143342308120117,0.4618286142487882,0.6140824270927379,0.0,0.14865218085766202,0.015591163160428889,0.004342898951160815
29589,0.023040483285867497,0.273546873654703,0.027435957900076746,0.4266217847478528,0.367855298641097,0.17382298497948354,0.2655739093254456,0.21143342308120117,0.4618286142487882,0.6052535398380152,0.0,0.15609053869173786,0.01338404169113661,0.00472238827949705
29590,0.024222184695695315,0.2162312429589977,0.03361411728682895,0.3662818135959056,0.3010595340369815,0.24780066096918787,0.8557372342381235,0.24422643743580896,0.5283112818472111,0.6949011518469688,0.0,0.22358075846161232,0.018372893458568497,0.003398138536546856
29590,0.024222184695695315,0.2162312429589977,0.03361411728682895,0.3662818135959056,0.3010595340369815,0.24780066096918787,0.8557372342381235,0.24422643743580896,0.5283112818472111,0.6939503481683704,0.0,0.21916377991926914,0.02960640245980259,0.004089415760088199
29590,0.024222184695695315,0.2162312429589977,0.03361411728682895,0.3662818135959056,0.3010595340369815,0.24780066096918787,0.8557372342381235,0.24422643743580896,0.5283112818472111,0.6802178936058434,0.0,0.21575238406058503,0.024937761879692252,0.004289346164314488
29591,0.020518950298548694,0.23071225791413041,0.036362357771575204,0.27850651498861956,0.18415674356330525,0.3138175535841611,0.649179863961316,0.20583752806994315,0.5329092544301373,0.8381924033032453,0.7738097188208989,0.18474587025378456,0.06330704876832349,0.08476356523151435
29591,0.020518950298548694,0.23071225791413041,0.036362357771575204,0.27850651498861956,0.18415674356330525,0.3138175535841611,0.649179863961316,0.20583752806994315,0.5329092544301373,0.8107096043935562,0.3809524297052247,0.1912604941172187,0.06514267859888262,0.038844124788732476
29591,0.020518950298548694,0.23071225791413041,0.036362357771575204,0.27850651498861956,0.18415674356330525,0.3138175535841611,0.649179863961316,0.20583752806994315,0.5329092544301373,0.827052333382206,0.583332992063427,0.18761174465930805,0.054252085522978735,0.08332611917791417
29592,0.0024848905867710935,0.17902134540467446,0.019164189201462734,0.2792426379880355,0.3392528125996166,0.2674160931424009,0.6786886498790606,0.19548096839657458,0.37711296049483056,0.5204292183870693,0.0,0.1439083527044358,0.025095365017960433,0.006892904151493436
29592,0.0024848905867710935,0.17902134540467446,0.019164189201462734,0.2792426379880355,0.3392528125996166,0.2674160931424009,0.6786886498790606,0.19548096839657458,0.37711296049483056,0.5089054865699769,0.1428572891156741,0.1688048116084568,0.024409649526320618,0.08338815115601117
29592,0.0024848905867710935,0.17902134540467446,0.019164189201462734,0.2792426379880355,0.3392528125996166,0.2674160931424009,0.6786886498790606,0.19548096839657458,0.37711296049483056,0.5230633229289383,0.27380971882089883,0.09010704170415959,0.015586809270999527,0.3363750864038514
29593,0.03194678155242325,0.29509668484096974,0.0311550376445362,0.4196999805305566,0.28894014634599974,0.1567403963923887,0.47213127960225315,0.1655974896811181,0.4743346958274268,0.6358269868706365,0.0,0.18403076007665828,0.02969785181260716,0.004658860393554147
29593,0.03194678155242325,0.29509668484096974,0.0311550376445362,0.4196999805305566,0.28894014634599974,0.1567403963923887,0.47213127960225315,0.1655974896811181,0.4743346958274268,0.6236859515989863,0.0,0.18888161320935834,0.057123294435067536,0.004854328065543241
29593,0.03194678155242325,0.29509668484096974,0.0311550376445362,0.4196999805305566,0.28894014634599974,0.1567403963923887,0.47213127960225315,0.1655974896811181,0.4743346958274268,0.6116722139541877,0.0,0.18239421694255545,0.04309184588225332,0.004425013224325184
29594,0.028758006824117582,0.27864455069079264,0.03679834515201946,0.3505395990961398,0.4374487156401152,0.12169047436093886,0.47213127960225315,0.18363420294500332,0.39245639740826,0.4774092426855134,0.0,0.1745781811053809,0.030577537791601904,0.005245263409521431
29594,0.028758006824117582,0.27864455069079264,0.03679834515201946,0.3505395990961398,0.4374487156401152,0.12169047436093886,0.47213127960225315,0.18363420294500332,0.39245639740826,0.47861423966080513,0.0,0.17103520478604414,0.05411713851705239,0.0045923656832199565
29594,0.028758006824117582,0.27864455069079264,0.03679834515201946,0.3505395990961398,0.4374487156401152,0.12169047436093886,0.47213127960225315,0.18363420294500332,0.39245639740826,0.4686202948504578,0.0,0.16444196987869134,0.0354813399523627,0.005264453158141365
29595,0.017523455990436615,0.228073866401743,0.022500104410768385,0.3551219071907987,0.33329206856496674,0.1384470639523457,0.2655739093254456,0.19474496662827478,0.4835140233687947,0.6250756275875551,0.04761943764179765,0.1778989087637373,0.021537231364156875,0.010410429700849705
29595,0.017523455990436615,0.228073866401743,0.022500104410768385,0.3551219071907987,0.33329206856496674,0.1384470639523457,0.2655739093254456,0.19474496662827478,0.4835140233687947,0.6140060808890033,0.11904757029477529,0.1921952025217116,0.020929460214436035,0.10316296397224127
29595,0.017523455990436615,0.228073866401743,0.022500104410768385,0.3551219071907987,0.33329206856496674,0.1384470639523457,0.2655739093254456,0.19474496662827478,0.4835140233687947,0.5926264636803713,0.0,0.17253506423934437,0.013988291139360296,0.003966690623565365
29596,0.04166663071603856,0.3162808976007825,0.051117881501075935,0.549770597170965,0.2448535400238303,0.3454449197767935,0.2655739093254456,0.1528742357212871,0.5599058674000519,0.5782276608382675,0.011904859410449413,0.1877639408969253,0.040431159896425796,0.014303271031353985
29596,0.04166663071603856,0.3162808976007825,0.051117881501075935,0.549770597170965,0.2448535400238303,0.3454449197767935,0.2655739093254456,0.1528742357212871,0.5599058674000519,0.6827585869805228,0.035714578231348236,0.18229810454663484,0.05202315631116576,0.016081223554652052
29596,0.04166663071603856,0.3162808976007825,0.051117881501075935,0.549770597170965,0.2448535400238303,0.3454449197767935,0.2655739093254456,0.1528742357212871,0.5599058674000519,0.6766092058514679,0.04761943764179765,0.17923997065832822,0.040156691060294486,0.02331843642370948
29596,0.04166663071603856,0.3162808976007825,0.051117881501075935,0.549770597170965,0.2448535400238303,0.3454449197767935,0.2655739093254456,0.1528742357212871,0.5599058674000519,0.7387085006325562,0.023809718820898825,0.1837847186787631,0.03044096470518503,0.01275827313083744
29597,0.024762402280959606,0.2777793867775966,0.024765131261050843,0.4065774696439215,0.3218197063310584,0.1363530773983573,0.8557372342381235,0.20224930748394288,0.4905142274103331,0.5052603461706671,0.0,0.16817825485357638,0.02268635181051786,0.0105023619849359
29597,0.024762402280959606,0.2777793867775966,0.024765131261050843,0.4065774696439215,0.3218197063310584,0.1363530773983573,0.8557372342381235,0.20224930748394288,0.4905142274103331,0.4940711140747435,0.0,0.19088708652343253,0.03779967266027612,0.008808308827697078
29597,0.024762402280959606,0.2777793867775966,0.024765131261050843,0.4065774696439215,0.3218197063310584,0.1363530773983573,0.8557372342381235,0.20224930748394288,0.4905142274103331,0.48462343221286447,0.011904859410449413,0.18054978788214396,0.026760129727699963,0.009856158356990217
29598,0.014924645030572864,0.25245558901151127,0.0,0.3744499619095909,0.27969026336804226,0.21016203454318647,0.649179863961316,0.18037428109291764,0.5307160438519489,0.7311246691459312,0.0,0.18551133593081212,0.017244940043665356,0.0049078808523895685
29598,0.014924645030572864,0.25245558901151127,0.0,0.3744499619095909,0.27969026336804226,0.21016203454318647,0.649179863961316,0.18037428109291764,0.5307160438519489,0.6621811397297399,0.011904859410449413,0.1883758213292769,0.01946027587065302,0.006390400501585398
29598,0.014924645030572864,0.25245558901151127,0.0,0.3744499619095909,0.27969026336804226,0.21016203454318647,0.649179863961316,0.18037428109291764,0.5307160438519489,0.7478747984246463,0.0,0.1913745357961689,0.010955163494947818,0.00602802664392525
29599,0.025995038855813613,0.2430978540793698,0.03968857584946861,0.09502155958990563,0.38875856769603057,0.4042744025819681,0.3836069874227217,0.11535237641623197,0.3788194274002109,0.7078526774516871,0.7619048594104494,0.21850098801902493,0.08579374175556756,0.16241689125158387
29599,0.025995038855813613,0.2430978540793698,0.03968857584946861,0.09502155958990563,0.38875856769603057,0.4042744025819681,0.3836069874227217,0.11535237641623197,0.3788194274002109,0.7278484416529969,0.6190475702947753,0.14564924368150273,0.05506645579603804,0.09499393261205775
29600,0.012874121587229864,0.2675831765344584,0.0008027307143818052,0.4261519904389347,0.32865555693989257,0.16830552678926133,0.4131147405536151,0.16798206371533841,0.43682047358223186,0.6553388319254712,0.0,0.20414685966793308,0.048031404139017915,0.003975169814816034
29600,0.012874121587229864,0.2675831765344584,0.0008027307143818052,0.4261519904389347,0.32865555693989257,0.16830552678926133,0.4131147405536151,0.16798206371533841,0.43682047358223186,0.65336169576705,0.0,0.19405032050039253,0.023842330074599787,0.004118869792853678
29600,0.012874121587229864,0.2675831765344584,0.0008027307143818052,0.4261519904389347,0.32865555693989257,0.16830552678926133,0.4131147405536151,0.16798206371533841,0.43682047358223186,0.6594126426151412,0.0,0.19723468833614813,0.018385520621653044,0.007850160216371537
29601,0.02927400246557528,0.26408778869548494,0.026644534612141224,0.3901243826331941,0.33493468053314057,0.169019978088183,0.7967217279763368,0.18962374140736338,0.5147833389883545,0.5785226689576461,0.0,0.19798469349277406,0.01180843155756737,0.004068887191797107
29601,0.02927400246557528,0.26408778869548494,0.026644534612141224,0.3901243826331941,0.33493468053314057,0.169019978088183,0.7967217279763368,0.18962374140736338,0.5147833389883545,0.5791349789731088,0.0,0.18077176654717445,0.012163700686769056,0.00405192880929577
29601,0.02927400246557528,0.26408778869548494,0.026644534612141224,0.3901243826331941,0.33493468053314057,0.169019978088183,0.7967217279763368,0.18962374140736338,0.5147833389883545,0.6238897586403045,0.05952429705224706,0.17147546547671474,0.01064961354422299,0.019207367486806414
29602,0.024597547717442658,0.2571933887229368,0.030326336842592394,0.38125231726988884,0.3757886899718532,0.13363861398668517,0.354098201504977,0.17946541688212303,0.5003929852666849,0.56496521946318,0.0,0.1922887172051211,0.018433193943425782,0.0032865702306170076
29602,0.024597547717442658,0.2571933887229368,0.030326336842592394,0.38125231726988884,0.3757886899718532,0.13363861398668517,0.354098201504977,0.17946541688212303,0.5003929852666849,0.575746312774196,0.0,0.179964244493426,0.026596649722441537,0.005111827715629331
29602,0.024597547717442658,0.2571933887229368,0.030326336842592394,0.38125231726988884,0.3757886899718532,0.13363861398668517,0.354098201504977,0.17946541688212303,0.5003929852666849,0.5621471150535184,0.0,0.17378503205664877,0.016714619814700148,0.004482136196961266
29603,0.028603222529799216,0.2605371450519044,0.024629858317919473,0.38780892969991343,0.3254572350619147,0.17927969773311134,0.649179863961316,0.2238506562201883,0.5674320664487971,0.5461091416417356,0.04761943764179765,0.23675560293084488,0.008059753379471374,0.04468465955572294
29603,0.028603222529799216,0.2605371450519044,0.024629858317919473,0.38780892969991343,0.3254572350619147,0.17927969773311134,0.649179863961316,0.2238506562201883,0.5674320664487971,0.5335107002000699,0.035714578231348236,0.22927576112059092,0.013030809581245079,0.015979919532867752
29603,0.028603222529799216,0.2605371450519044,0.024629858317919473,0.38780892969991343,0.3254572350619147,0.17927969773311134,0.649179863961316,0.2238506562201883,0.5674320664487971,0.5278897192118288,0.011904859410449413,0.22478623377644089,0.024146810700654206,0.009557601570321941
29604,0.029304744106346925,0.26953129600780446,0.028460134102650414,0.47291229860033496,0.24591506654124828,0.18032372918771536,0.17704961714591422,0.1760108331519863,0.49205204697957017,0.5882717619252311,0.0,0.20991019184289936,0.0323940817969832,0.006227957048151538
29604,0.029304744106346925,0.26953129600780446,0.028460134102650414,0.47291229860033496,0.24591506654124828,0.18032372918771536,0.17704961714591422,0.1760108331519863,0.49205204697957017,0.5775355906821851,0.0,0.21290908364440927,0.031244668243722205,0.004984639846869305
29604,0.029304744106346925,0.26953129600780446,0.028460134102650414,0.47291229860033496,0.24591506654124828,0.18032372918771536,0.17704961714591422,0.1760108331519863,0.49205204697957017,0.550544270543339,0.011904859410449413,0.20100775324112405,0.027274028605769378,0.006962969047617381
29605,0.021822310518127885,0.27797532829402416,0.01852988800338201,0.4603634488062233,0.3327641312031484,0.21632502361887543,0.649179863961316,0.18206654409763368,0.5111607786011074,0.7378251407541192,0.0,0.21251591020173713,0.01937644435145084,0.005501424239936364
29605,0.021822310518127885,0.27797532829402416,0.01852988800338201,0.4603634488062233,0.3327641312031484,0.21632502361887543,0.649179863961316,0.18206654409763368,0.5111607786011074,0.7278428142548594,0.0,0.2080573214720913,0.023400760847480218,0.006136181852240092
29605,0.021822310518127885,0.27797532829402416,0.01852988800338201,0.4603634488062233,0.3327641312031484,0.21632502361887543,0.649179863961316,0.18206654409763368,0.5111607786011074,0.7259474183474288,0.0,0.20500532491352766,0.021010622840659188,0.006414499255666246
29606,0.051507576051720225,0.35305051871743676,0.04947607419014394,0.4251344439125564,0.3358665920974029,0.4227781507172207,0.20655737027680754,0.19026526587653358,0.5823558656108332,0.5222064187008775,0.0,0.221437768655898,0.025842778775603842,0.005491606229014537
29606,0.051507576051720225,0.35305051871743676,0.04947607419014394,0.4251344439125564,0.3358665920974029,0.4227781507172207,0.20655737027680754,0.19026526587653358,0.5823558656108332,0.5149212534121901,0.0,0.22589928101032572,0.02322218215462355,0.010097145897798691
29607,0.03438562544742271,0.3156754678387025,0.041054225722355675,0.4049055924476653,0.3995783925869114,0.2483300841543669,0.5311478186508912,0.18492487690101345,0.4735821277597305,0.6917903721523198,0.0,0.20875270482764133,0.015776735177714045,0.0070981898344043585
29607,0.03438562544742271,0.3156754678387025,0.041054225722355675,0.4049055924476653,0.3995783925869114,0.2483300841543669,0.5311478186508912,0.18492487690101345,0.4735821277597305,0.6821730806184849,0.0,0.2156915566890316,0.009539843067413728,0.0035650447222179108
29607,0.03438562544742271,0.3156754678387025,0.041054225722355675,0.4049055924476653,0.3995783925869114,0.2483300841543669,0.5311478186508912,0.18492487690101345,0.4735821277597305,0.6595847544020408,0.0,0.2211976806344614,0.016772534203185453,0.0035851270172852835
29608,0.026692547768873545,0.23034242404785465,0.03806532773282156,0.3484876853191493,0.39541531457611634,0.14206630861869787,0.8262294811072302,0.20764889465450054,0.5008178085938757,0.5859632047935437,0.0,0.19004258849012498,0.014343186152217238,0.004857005704885558
29608,0.026692547768873545,0.23034242404785465,0.03806532773282156,0.3484876853191493,0.39541531457611634,0.14206630861869787,0.8262294811072302,0.20764889465450054,0.5008178085938757,0.5179606216672672,0.0,0.16912999628235434,0.012324031633976069,0.009232268390230502
29608,0.026692547768873545,0.23034242404785465,0.03806532773282156,0.3484876853191493,0.39541531457611634,0.14206630861869787,0.8262294811072302,0.20764889465450054,0.5008178085938757,0.5512289827279833,0.0,0.17340408374757835,0.014613349704586024,0.009109989526931388
29609,0.023246259596990365,0.22831985719237113,0.030111527021183193,0.31806121370119794,0.4310245606984682,0.15650147121317606,0.8852460201558682,0.18762686430569553,0.5124517175700944,0.41677406484747875,0.05952429705224706,0.15435251496667204,0.026202932037873106,0.01646501852705073
29609,0.023246259596990365,0.22831985719237113,0.030111527021183193,0.31806121370119794,0.4310245606984682,0.15650147121317606,0.8852460201558682,0.18762686430569553,0.5124517175700944,0.40883495057388847,0.20238056235820234,0.18769995459558222,0.08653844537906007,0.06727322504750383
29611,0.034265103900644966,0.2685745995998363,0.03382169438105015,0.3488812997745399,0.38130965063688826,0.20486566914351992,0.44262249368450846,0.19275860741932882,0.5110131504046997,0.6434351569890913,0.0,0.1797609706365624,0.01163522010864866,0.014023903993305645
29611,0.034265103900644966,0.2685745995998363,0.03382169438105015,0.3488812997745399,0.38130965063688826,0.20486566914351992,0.44262249368450846,0.19275860741932882,0.5110131504046997,0.629043010716932,0.0,0.20157673010743468,0.020513559198103173,0.004285775978524733
29611,0.034265103900644966,0.2685745995998363,0.03382169438105015,0.3488812997745399,0.38130965063688826,0.20486566914351992,0.44262249368450846,0.19275860741932882,0.5110131504046997,0.6091166306351077,0.0,0.2117509468586787,0.012557913265399822,0.004432153595904694
29612,0.030010902936262462,0.2507054642062602,0.04045538909632351,0.36101598661535445,0.31216626404973113,0.22512320213519157,0.5606555717817845,0.198664287912514,0.5159622297596906,0.6040699389804023,0.011904859410449413,0.19073031039678348,0.023766527327819607,0.01178495122990544
29612,0.030010902936262462,0.2507054642062602,0.04045538909632351,0.36101598661535445,0.31216626404973113,0.22512320213519157,0.5606555717817845,0.198664287912514,0.5159622297596906,0.6000509940737235,0.0,0.18789918421894589,0.02239965643982865,0.005111827715629331
29612,0.030010902936262462,0.2507054642062602,0.04045538909632351,0.36101598661535445,0.31216626404973113,0.22512320213519157,0.5606555717817845,0.198664287912514,0.5159622297596906,0.5970260524334066,0.04761943764179765,0.1811098571644101,0.06588099425943361,0.008056338445729899
29613,0.03467768216145847,0.3005382061367985,0.04074867767984797,0.43872071800923185,0.2975098818948778,0.30547452459798663,0.29508166245633893,0.18793561531923664,0.5233524035933459,0.7174619574967307,0.011904859410449413,0.13707081254389625,0.019742138659739478,0.0034699885255656793
29613,0.03467768216145847,0.3005382061367985,0.04074867767984797,0.43872071800923185,0.2975098818948778,0.30547452459798663,0.29508166245633893,0.18793561531923664,0.5233524035933459,0.7177331631517674,0.011904859410449413,0.16335851789822828,0.014020867246433784,0.007303475517315279
29613,0.03467768216145847,0.3005382061367985,0.04074867767984797,0.43872071800923185,0.2975098818948778,0.30547452459798663,0.29508166245633893,0.18793561531923664,0.5233524035933459,0.7357572938242587,0.04761943764179765,0.13991045626091084,0.019598087665124733,0.012300396803301342
29614,0.0027496305735952714,0.16769055936405192,0.028076821322430168,0.3133834701290431,0.3432704057676761,0.18372810941765724,0.6786886498790606,0.17645987281579623,0.6463522270496653,0.4595438776132314,0.27380971882089883,0.20701556937327423,0.003148614708816242,0.08646029602809549
29614,0.0027496305735952714,0.16769055936405192,0.028076821322430168,0.3133834701290431,0.3432704057676761,0.18372810941765724,0.6786886498790606,0.17645987281579623,0.6463522270496653,0.5118775391655503,0.39285728911567414,0.11296170907306588,0.01810952144346588,0.06240259908383035
29614,0.0027496305735952714,0.16769055936405192,0.028076821322430168,0.3133834701290431,0.3432704057676761,0.18372810941765724,0.6786886498790606,0.17645987281579623,0.6463522270496653,0.4504191257199986,0.8452378514738764,0.130631383123055,0.0039817953749413226,0.11242224081797127
29615,0.02358312110006526,0.24991613737335838,0.039766676518662114,0.23901428925019827,0.41999988903861984,0.1555207550570389,0.5606555717817845,0.16240098523879154,0.4753169025951922,0.5107168936950903,0.17857186734702235,0.16467563185958486,0.053259537185589394,0.03845691671871879
29615,0.02358312110006526,0.24991613737335838,0.039766676518662114,0.23901428925019827,0.41999988903861984,0.1555207550570389,0.5606555717817845,0.16240098523879154,0.4753169025951922,0.5567745515904405,0.2619048594104494,0.15778764102728346,0.03637946957257344,0.01729999572862972
29615,0.02358312110006526,0.24991613737335838,0.039766676518662114,0.23901428925019827,0.41999988903861984,0.1555207550570389,0.5606555717817845,0.16240098523879154,0.4753169025951922,0.5341636065246753,0.32142813265297765,0.17002353954781355,0.042983215162671506,0.02607283476050558
29616,0.018633776516495032,0.24685391951614793,0.011365314104611779,0.40784301334231154,0.28491063930278626,0.15692078585051936,0.354098201504977,0.16505285212384013,0.5107478871147526,0.6467534678972198,0.011904859410449413,0.16913776591220972,0.04387591715008549,0.006493935889488297
29616,0.018633776516495032,0.24685391951614793,0.011365314104611779,0.40784301334231154,0.28491063930278626,0.15692078585051936,0.354098201504977,0.16505285212384013,0.5107478871147526,0.6323768994824648,0.0,0.15742638576176674,0.059260861195116636,0.004873964087386895
29616,0.018633776516495032,0.24685391951614793,0.011365314104611779,0.40784301334231154,0.28491063930278626,0.15692078585051936,0.354098201504977,0.16505285212384013,0.5107478871147526,0.6128425677655138,0.0,0.16243331572475897,0.07436880449064398,0.0047775690710635055
29618,0.021261007258016815,0.2929698527120913,0.02536381964201656,0.3889893495605694,0.40651760372145174,0.16562668137508593,0.47213127960225315,0.19476588375129467,0.48773693817370445,0.5108589335673743,0.07142813265297765,0.17574365548180124,0.03679677278874959,0.008418712303390048
29618,0.021261007258016815,0.2929698527120913,0.02536381964201656,0.3889893495605694,0.40651760372145174,0.16562668137508593,0.47213127960225315,0.19476588375129467,0.48773693817370445,0.4652781969897514,0.1428572891156741,0.1901360967830978,0.03577060405889928,0.028581336551032302
29618,0.021261007258016815,0.2929698527120913,0.02536381964201656,0.3889893495605694,0.40651760372145174,0.16562668137508593,0.47213127960225315,0.19476588375129467,0.48773693817370445,0.4543269706533574,0.04761943764179765,0.1818771815455925,0.03463445985268468,0.008228599910085585
29619,0.024540161175045608,0.22667879269177982,0.027076513935604785,0.39926442136861207,0.3017074327118734,0.1496552280851088,0.7672129420585921,0.19972859511341357,0.5395960423447692,0.5352562140269781,0.0,0.1599393521814589,0.009787279788288914,0.004514267869069062
29619,0.024540161175045608,0.22667879269177982,0.027076513935604785,0.39926442136861207,0.3017074327118734,0.1496552280851088,0.7672129420585921,0.19972859511341357,0.5395960423447692,0.5160550203681038,0.0,0.15801741031931843,0.008183202935842371,0.0043536095085300805
29619,0.024540161175045608,0.22667879269177982,0.027076513935604785,0.39926442136861207,0.3017074327118734,0.1496552280851088,0.7672129420585921,0.19972859511341357,0.5395960423447692,0.5277901876421824,0.0,0.16515812648982417,0.06038661409892116,0.005579968327310977
29620,0.04389548499837999,0.33426205948908827,0.03951743984066963,0.3910832877796148,0.33716759015883535,0.1391031763159888,0.29508166245633893,0.17863353491862144,0.5484502058567688,0.5974575195622229,0.0,0.194661480867468,0.0164557475060274,0.0045812088526269714
29620,0.04389548499837999,0.33426205948908827,0.03951743984066963,0.3910832877796148,0.33716759015883535,0.1391031763159888,0.29508166245633893,0.17863353491862144,0.5484502058567688,0.5855301109528017,0.011904859410449413,0.20453718000885682,0.033006065437829885,0.007115148216905695
29620,0.04389548499837999,0.33426205948908827,0.03951743984066963,0.3910832877796148,0.33716759015883535,0.1391031763159888,0.29508166245633893,0.17863353491862144,0.5484502058567688,0.5772441205938024,0.023809718820898825,0.19767439374351706,0.03362105231972747,0.008049198074150388
29621,0.0595070837758752,0.3768167728816503,0.05801701920821395,0.3790919475336247,0.28911969633247314,0.18416479936019922,0.3836069874227217,0.10301686915061548,0.38252330898670517,0.636124014891432,0.4047621485261235,0.20808250915004176,0.06546511533658568,0.040653577061253554
29621,0.0595070837758752,0.3768167728816503,0.05801701920821395,0.3790919475336247,0.28911969633247314,0.18416479936019922,0.3836069874227217,0.10301686915061548,0.38252330898670517,0.6427707443078674,0.39285728911567414,0.20944770840866858,0.04558232955180901,0.03985821464119769
29621,0.0595070837758752,0.3768167728816503,0.05801701920821395,0.3790919475336247,0.28911969633247314,0.18416479936019922,0.3836069874227217,0.10301686915061548,0.38252330898670517,0.6270739737224893,0.559524297052247,0.17458611779950953,0.07313808102126032,0.14519119108923895
29623,0.03138069062538226,0.2706529372262232,0.043958078645362386,0.2733919668509247,0.25002360220924114,0.22041473869075554,0.5311478186508912,0.26117421626112836,0.2536150635050026,0.6232971687976054,0.5476194376417977,0.1403223523136807,0.037948086381714194,0.023252387986599007
29623,0.03138069062538226,0.2706529372262232,0.043958078645362386,0.2733919668509247,0.25002360220924114,0.22041473869075554,0.5311478186508912,0.26117421626112836,0.2536150635050026,0.6477632034641991,0.7194341608446021,0.1844633762074486,0.03292115281076533,0.04957818826123769
29623,0.03138069062538226,0.2706529372262232,0.043958078645362386,0.2733919668509247,0.25002360220924114,0.22041473869075554,0.5311478186508912,0.26117421626112836,0.2536150635050026,0.6739600488288904,0.9166670079365729,0.17116692720568313,0.05783368687647039,0.06523375641510619
29624,0.0247777434896906,0.25843562169988865,0.02854069237583573,0.40482438680689703,0.2874823236712105,0.4061647152082384,0.354098201504977,0.19083681300922195,0.5313138287062551,0.7370539309279689,0.0,0.16334776690143107,0.04430508898636374,0.006144503955316011
29624,0.0247777434896906,0.25843562169988865,0.02854069237583573,0.40482438680689703,0.2874823236712105,0.4061647152082384,0.354098201504977,0.19083681300922195,0.5313138287062551,0.7273517455341205,0.0,0.17566918247386373,0.03687298205565239,0.004430368503009817
29624,0.0247777434896906,0.25843562169988865,0.02854069237583573,0.40482438680689703,0.2874823236712105,0.4061647152082384,0.354098201504977,0.19083681300922195,0.5313138287062551,0.7141239540672433,0.0,0.17067086065731144,0.024374410417864083,0.005102455977931225
29625,0.028298132984152916,0.27845413005536346,0.026347159088940142,0.383101086141374,0.27906995306936677,0.20841423738689904,0.7967217279763368,0.22413072442065074,0.5140068496421211,0.6180362826152308,0.0,0.162450437302238,0.009463231699085275,0.01040061168992788
29625,0.028298132984152916,0.27845413005536346,0.026347159088940142,0.383101086141374,0.27906995306936677,0.20841423738689904,0.7967217279763368,0.22413072442065074,0.5140068496421211,0.6054774420321263,0.05952429705224706,0.19824697230558744,0.02510497126520614,0.009996734422461826
29625,0.028298132984152916,0.27845413005536346,0.026347159088940142,0.383101086141374,0.27906995306936677,0.20841423738689904,0.7967217279763368,0.22413072442065074,0.5140068496421211,0.6252522971353143,0.011904859410449413,0.18585846878772236,0.017701036473573087,0.009263061242667141
29626,0.040211451298517956,0.2624704071157426,0.05574334926254232,0.1792430901690893,0.3554129337308485,0.188787354484982,0.649179863961316,0.33653720856227665,0.15147271467438428,0.5859864710903975,0.7261902811791011,0.19847725191963742,0.10238501364392735,0.06987008893632699
29626,0.040211451298517956,0.2624704071157426,0.05574334926254232,0.1792430901690893,0.3554129337308485,0.188787354484982,0.649179863961316,0.33653720856227665,0.15147271467438428,0.5975035760122238,0.6071427108843259,0.20965707874212638,0.14744668518417867,0.18627599661129388
29626,0.040211451298517956,0.2624704071157426,0.05574334926254232,0.1792430901690893,0.3554129337308485,0.188787354484982,0.649179863961316,0.33653720856227665,0.15147271467438428,0.5820875143976971,1.0,0.17093461520453848,0.06760299140542374,0.047593914701149674
29627,0.01165202741122838,0.22535181261185233,0.029856544146806885,0.3283401677287961,0.5507265522019622,0.14085023862152188,0.5606555717817845,0.17392704443764706,0.4839128463564242,0.4876980364510541,0.0,0.1693253838838931,0.02045642986478223,0.007069628348086316
29627,0.01165202741122838,0.22535181261185233,0.029856544146806885,0.3283401677287961,0.5507265522019622,0.14085023862152188,0.5606555717817845,0.17392704443764706,0.4839128463564242,0.4866740138751889,0.0,0.16224472868899878,0.020082216308706234,0.004577638666837217
29627,0.01165202741122838,0.22535181261185233,0.029856544146806885,0.3283401677287961,0.5507265522019622,0.14085023862152188,0.5606555717817845,0.17392704443764706,0.4839128463564242,0.477169647981831,0.023809718820898825,0.17299947895483228,0.04244682953564468,0.007391391342387999
29628,0.016158804485891215,0.2546742735145329,0.03052396383675582,0.33505646666548816,0.23059470354797806,0.2497573443730031,0.5016390327331465,0.2283718122637779,0.37748909031771816,0.6950314324534419,0.3333329920634271,0.09083342871972999,0.04819390466644463,0.10085930159140175
29628,0.016158804485891215,0.2546742735145329,0.03052396383675582,0.33505646666548816,0.23059470354797806,0.2497573443730031,0.5016390327331465,0.2283718122637779,0.37748909031771816,0.6665887716695189,0.07142813265297765,0.16778185401215015,0.04321533226109919,0.052012465889195406
29628,0.016158804485891215,0.2546742735145329,0.03052396383675582,0.33505646666548816,0.23059470354797806,0.2497573443730031,0.5016390327331465,0.2283718122637779,0.37748909031771816,0.6916435256565308,0.22619028117910117,0.04501777172224866,0.19736772741410616,0.21814704515643818
29629,0.025300012806103486,0.2562832833377456,0.039895667407095936,0.32059617355223646,0.3724062686908114,0.16136534365456015,0.2655739093254456,0.17517756456064792,0.5396750875388738,0.6308080794825983,0.1309524297052247,0.19499344237123648,0.05065559905224311,0.03531604577018169
29629,0.025300012806103486,0.2562832833377456,0.039895667407095936,0.32059617355223646,0.3724062686908114,0.16136534365456015,0.2655739093254456,0.17517756456064792,0.5396750875388738,0.6238554648282368,0.23809514058955059,0.1876293612674,0.019367272609408674,0.07111965396274128
29629,0.025300012806103486,0.2562832833377456,0.039895667407095936,0.32059617355223646,0.3724062686908114,0.16136534365456015,0.2655739093254456,0.17517756456064792,0.5396750875388738,0.5806576784526456,0.07142813265297765,0.18162543782410848,0.02043180152068602,0.03799725529828781
29630,0.0332686136619756,0.2644334183560104,0.05244453884134176,0.13826321740191155,0.2805830489847456,0.2998367930132857,0.23606512340770086,0.2016766244456354,0.5622245276657623,0.793499936414515,0.3809524297052247,0.15970177468871863,0.057144910700718865,0.04697180982728484
29630,0.0332686136619756,0.2644334183560104,0.05244453884134176,0.13826321740191155,0.2805830489847456,0.2998367930132857,0.23606512340770086,0.2016766244456354,0.5622245276657623,0.7843273799629433,0.39285728911567414,0.19940994779303542,0.02233106206073024,0.04101272347095976
29630,0.0332686136619756,0.2644334183560104,0.05244453884134176,0.13826321740191155,0.2805830489847456,0.2998367930132857,0.23606512340770086,0.2016766244456354,0.5622245276657623,0.7683363485205472,0.14333336063492583,0.22694335740225582,0.008823757871395005,0.06691657062747886
29631,0.0200322892325924,0.27665661768821004,0.0014759754834104966,0.368032618805875,0.3184725394102861,0.1966327675723937,0.708196403009954,0.2230441632305562,0.5097639357193722,0.6637614998074506,0.0,0.175957170013447,0.022063520268572646,0.00489895538791518
29631,0.0200322892325924,0.27665661768821004,0.0014759754834104966,0.368032618805875,0.3184725394102861,0.1966327675723937,0.708196403009954,0.2230441632305562,0.5097639357193722,0.63345257623179,0.0,0.17785756857238452,0.020644787134067026,0.004508912590384429
29631,0.0200322892325924,0.27665661768821004,0.0014759754834104966,0.368032618805875,0.3184725394102861,0.1966327675723937,0.708196403009954,0.2230441632305562,0.5097639357193722,0.6541910544747216,0.0,0.17207968674247368,0.025727630477968937,0.003782379782169256
29632,0.049119626096085986,0.35988931259772083,0.044090874943851166,0.2026213423296908,0.25575386980828896,0.3327354358705158,0.29508166245633893,0.18256572054931297,0.5355999235559545,0.7039953307281728,0.023809718820898825,0.17957861039665876,0.01742294283301496,0.005862459277925354
29632,0.049119626096085986,0.35988931259772083,0.044090874943851166,0.2026213423296908,0.25575386980828896,0.3327354358705158,0.29508166245633893,0.18256572054931297,0.5355999235559545,0.7026164205781069,0.15476214852612352,0.19116775016611895,0.02203502409171544,0.02285431227104131
29632,0.049119626096085986,0.35988931259772083,0.044090874943851166,0.2026213423296908,0.25575386980828896,0.3327354358705158,0.29508166245633893,0.18256572054931297,0.5355999235559545,0.8353488939965994,0.19047672675747176,0.20448372172371673,0.08792223398490816,0.052454722653901324
29633,0.03097270225228356,0.2764447777721236,0.03857740291366679,0.3597230006332768,0.3615025762940902,0.1306502688377433,0.354098201504977,0.19518015245413234,0.4675268671723771,0.486288034656509,0.035714578231348236,0.20627003136011854,0.014782928984582945,0.009571882313480962
29633,0.03097270225228356,0.2764447777721236,0.03857740291366679,0.3597230006332768,0.3615025762940902,0.1306502688377433,0.354098201504977,0.19518015245413234,0.4675268671723771,0.5107979035443331,0.023809718820898825,0.19242436221173312,0.019746102230935154,0.012083061743349997
29633,0.03097270225228356,0.2764447777721236,0.03857740291366679,0.3597230006332768,0.3615025762940902,0.1306502688377433,0.354098201504977,0.19518015245413234,0.4675268671723771,0.4829612111621758,0.21428542176865176,0.1981899769137441,0.012575739761936896,0.014628157938221703
29634,0.048362629009061256,0.3732055496139536,0.042878729437178464,0.34044327000108726,0.26704030177635907,0.17515809062764418,0.3836069874227217,0.20463685764830308,0.5450793567745638,0.6586991702715592,0.011904859410449413,0.20476330036154664,0.005568752722368418,0.011398924891388164
29634,0.048362629009061256,0.3732055496139536,0.042878729437178464,0.34044327000108726,0.26704030177635907,0.17515809062764418,0.3836069874227217,0.20463685764830308,0.5450793567745638,0.6634353750898858,0.04761943764179765,0.21446566940652254,0.025865723596148707,0.011765761481285508
29634,0.048362629009061256,0.3732055496139536,0.042878729437178464,0.34044327000108726,0.26704030177635907,0.17515809062764418,0.3836069874227217,0.20463685764830308,0.5450793567745638,0.6408934910942641,0.035714578231348236,0.2054152066093636,0.004882567375949181,0.008279921330813315
29635,0.015496504886237661,0.23180290163674638,0.014479019479603061,0.32028444008500223,0.3933397071801541,0.10177374736113856,0.7377051889276988,0.19437037041006633,0.4475055373811643,0.4248791934359453,0.0,0.15817671432013472,0.020797925915481213,0.003864940328557343
29635,0.015496504886237661,0.23180290163674638,0.014479019479603061,0.32028444008500223,0.3933397071801541,0.10177374736113856,0.7377051889276988,0.19437037041006633,0.4475055373811643,0.42381385089343454,0.0,0.15648283025414797,0.01869607695606204,0.004556217552098686
29635,0.015496504886237661,0.23180290163674638,0.014479019479603061,0.32028444008500223,0.3933397071801541,0.10177374736113856,0.7377051889276988,0.19437037041006633,0.4475055373811643,0.4140186603359532,0.0,0.15658694165095483,0.016240923714700574,0.003539160875242185
29177,0.29092561532175776,0.44164073144061056,0.3108655808015665,0.15417279460000788,0.28425562703853857,0.24559875601687806,0.6102830455644903,0.13355037200980802,0.5381006010623017,0.6598781884146057,0.0169696460894564,0.14844788202040068,0.059575161638771044,0.00181102672445436
29177,0.29092561532175776,0.44164073144061056,0.3108655808015665,0.15417279460000788,0.28425562703853857,0.20836723799576332,0.5163934256920188,0.1347206198741272,0.5284043472329929,0.6598781884146057,0.0169696460894564,0.14844788202040068,0.059575161638771044,0.00181102672445436
29180,0.24279780572837506,0.47203660996940155,0.1969735054295531,0.10754573951956925,0.25789641586299084,0.24312729143301073,0.21907577970243344,0.1626351320382866,0.4759870978563674,0.6167427660737428,0.4016047193532799,0.1473890779542184,0.0962736272569951,0.02768018238565441
29180,0.24279780572837506,0.47203660996940155,0.1969735054295531,0.10754573951956925,0.25789641586299084,0.24072776038750174,0.2347245660746044,0.1495063549876261,0.46768966749775864,0.6167427660737428,0.4016047193532799,0.1473890779542184,0.0962736272569951,0.02768018238565441
29181,0.23838072435411295,0.4152168471918555,0.22550117400028308,0.12103731081871003,0.2859515390644969,0.18040547445303454,0.7041726654369618,0.15172458057223293,0.4350602000573218,0.6216020034582996,0.06787653673838795,0.15312125652213218,0.11295161165499142,0.01286575000385223
29181,0.23838072435411295,0.4152168471918555,0.22550117400028308,0.12103731081871003,0.2859515390644969,0.18097203456278585,0.7511179917666232,0.14465708394548749,0.4402449026124342,0.6216020034582996,0.06787653673838795,0.15312125652213218,0.11295161165499142,0.01286575000385223
29182,0.2686525225376216,0.4695485870358732,0.23713325170189287,0.1434448805248287,0.22786233986433524,0.24376841861012974,0.46944809936235743,0.12811370857361426,0.5390291201201938,0.7207519722499867,0.08484618282784435,0.1756608185333969,0.14858055523434494,0.008106385310130686
29182,0.2686525225376216,0.4695485870358732,0.23713325170189287,0.1434448805248287,0.22786233986433524,0.23017582900362074,0.4225038058195474,0.1308207544425788,0.5315237488409561,0.7207519722499867,0.08484618282784435,0.1756608185333969,0.14858055523434494,0.008106385310130686
29183,0.26600031430840265,0.4471825965256916,0.289500571184161,0.18459071559533824,0.18984388095628946,0.3706496189453483,0.6885249118516423,0.11356975580378526,0.45548245419274913,0.6502227932446285,0.18100546304865964,0.11486266086123612,0.016628502356257645,0.03887139029760883
29183,0.26600031430840265,0.4471825965256916,0.289500571184161,0.18459071559533824,0.18984388095628946,0.39657685238290796,0.7824145317241137,0.1149880971301891,0.45305286236538,0.6502227932446285,0.18100546304865964,0.11486266086123612,0.016628502356257645,0.03887139029760883
29184,0.20431345197222017,0.40997657464562565,0.19201523021395273,0.1292653738043006,0.1999388409818491,0.26885403950177533,0.5946352919791708,0.12677560601246618,0.4881576758394195,0.662989841488999,0.11878445119703832,0.1537417786507163,0.07998034934751555,0.014742239654947541
29184,0.20431345197222017,0.40997657464562565,0.19201523021395273,0.1292653738043006,0.1999388409818491,0.25317146680073377,0.6885249118516423,0.1276272089052014,0.4837012094635589,0.662989841488999,0.11878445119703832,0.1537417786507163,0.07998034934751555,0.014742239654947541
29185,0.2308420307983362,0.46908325654009997,0.18980538860969892,0.1384076289023834,0.2456123132396345,0.22110301192635398,0.6102830455644903,0.13979858307209614,0.4681419515237286,0.5722458742007235,0.18666098793542626,0.16251309416452145,0.06008151485528882,0.022795150722319274
29185,0.2308420307983362,0.46908325654009997,0.18980538860969892,0.1384076289023834,0.2456123132396345,0.2123743711617935,0.6415795855219808,0.14343424757451495,0.4678291652464086,0.5722458742007235,0.18666098793542626,0.16251309416452145,0.06008151485528882,0.022795150722319274
29186,0.2379798039890162,0.43460992621612304,0.2083092915650075,0.11892468593274227,0.2635856398123644,0.2620910603719957,0.5007446393198479,0.13092536302459856,0.47698368711866923,0.5696841725024606,0.11878445119703832,0.17321106015115198,0.06491457367731744,0.012641949337435638
29186,0.2379798039890162,0.43460992621612304,0.2083092915650075,0.11892468593274227,0.2635856398123644,0.25151009952994474,0.4538003457770379,0.12085403432407249,0.4706233247905416,0.5696841725024606,0.11878445119703832,0.17321106015115198,0.06491457367731744,0.012641949337435638
29187,0.3047620529914304,0.5146763476937275,0.29103016378000707,0.13175847820432005,0.24105811807328115,0.28142282058804746,0.7354692053944524,0.1335295850326721,0.45991334198673584,0.7201081234465923,0.05090791445865037,0.15118509137377756,0.01653196413742518,0.023484296544944133
29187,0.3047620529914304,0.5146763476937275,0.29103016378000707,0.13175847820432005,0.24105811807328115,0.2751600819182909,0.7511179917666232,0.13718892843032393,0.47151339329625275,0.7201081234465923,0.05090791445865037,0.15118509137377756,0.01653196413742518,0.023484296544944133
29188,0.2141073075321882,0.4362447720247916,0.20379897621902704,0.10255196849916359,0.3583060370348081,0.12259949611869594,0.7041726654369618,0.1439265109830663,0.39228841336504405,0.658176853439854,0.0,0.16218791565283072,0.030436951055423517,0.003570821282825734
29188,0.2141073075321882,0.4362447720247916,0.20379897621902704,0.10255196849916359,0.3583060370348081,0.09996826704108416,0.6259318319366612,0.13044556586920752,0.41955733688001207,0.658176853439854,0.0,0.16218791565283072,0.030436951055423517,0.003570821282825734
29189,0.29083335755535833,0.5123991426419491,0.2617990506081293,0.08445826239140293,0.28836668828403433,0.21709387398311406,0.6728761254794713,0.15241800454043575,0.47065527247088723,0.6718063753099148,0.028281719672708507,0.17672436909642444,0.07764660864321492,0.013002845138178828
29189,0.29083335755535833,0.5123991426419491,0.2617990506081293,0.08445826239140293,0.28836668828403433,0.19252347310890902,0.6885249118516423,0.14057806026430997,0.48769335778462697,0.6718063753099148,0.028281719672708507,0.17672436909642444,0.07764660864321492,0.013002845138178828
29191,0.21988870131450305,0.4207629433727176,0.20128500374069913,0.09868953456632196,0.30863241666770214,0.12533459564116176,0.4538003457770379,0.13796657113974742,0.4338060357575457,0.5227694120982427,0.033938268369193975,0.1464307819914741,0.020854433685426256,0.03389169515805834
29191,0.21988870131450305,0.4207629433727176,0.20128500374069913,0.09868953456632196,0.30863241666770214,0.12528132845331283,0.6102830455644903,0.13577937195108447,0.4121656450902742,0.5227694120982427,0.033938268369193975,0.1464307819914741,0.020854433685426256,0.03389169515805834
29193,0.24673553272469162,0.46754328497835007,0.2084852788596056,0.10117361901840279,0.27368631193680326,0.1558508297588547,0.5476899656495093,0.14147252421583079,0.47779263508517866,0.6557684673173099,0.15837926826271775,0.17753228439025873,0.026881895760519622,0.006561208900324654
29193,0.24673553272469162,0.46754328497835007,0.2084852788596056,0.10117361901840279,0.27368631193680326,0.1914365726298635,0.5946352919791708,0.1385481079259816,0.47925038758045124,0.6557684673173099,0.15837926826271775,0.17753228439025873,0.026881895760519622,0.006561208900324654
29196,0.23652177710956968,0.4751986562546552,0.18089712767812266,0.11552102915204046,0.2656513209892014,0.08102109103911936,0.6259318319366612,0.08614010978580444,0.3725328039227701,0.5548336994708256,0.005656548696485466,0.15021674895988021,0.03223908568993625,0.0019907570174822146
29196,0.23652177710956968,0.4751986562546552,0.18089712767812266,0.11552102915204046,0.2656513209892014,0.06815514685170396,0.3442619395323955,0.12905527767947333,0.39400882242763946,0.5548336994708256,0.005656548696485466,0.15021674895988021,0.03223908568993625,0.0019907570174822146
29197,0.2384084134442292,0.4703425892414602,0.19594840983555806,0.11591979266869848,0.24925105772126588,0.13057533696544457,0.6728761254794713,0.14121732153483701,0.3611477208344619,0.5955569117021549,0.011313097392970931,0.14572033888719432,0.024134943553451103,0.00415428960607384
29197,0.2384084134442292,0.4703425892414602,0.19594840983555806,0.11591979266869848,0.24925105772126588,0.166072308941383,0.6259318319366612,0.13884264911429967,0.35941723603644826,0.5955569117021549,0.011313097392970931,0.14572033888719432,0.024134943553451103,0.00415428960607384
29198,0.21052348477267274,0.4263102799746964,0.20497368780634612,0.12079564243294835,0.3145449938145062,0.0956206265364054,0.5789865056069998,0.15093534818045562,0.3736014357151918,0.5135916875316269,0.0,0.16324079144784145,0.05995823910099925,0.003238690468990602
29198,0.21052348477267274,0.4263102799746964,0.20497368780634612,0.12079564243294835,0.3145449938145062,0.09521058629867929,0.5007446393198479,0.1392600633283173,0.3815493664400609,0.5135916875316269,0.0,0.16324079144784145,0.05995823910099925,0.003238690468990602
29199,0.22747242683902513,0.45274937507991875,0.192105982035516,0.0944869014537255,0.2687169402930081,0.14058778932806507,0.46944809936235743,0.1091708124869254,0.332495147835731,0.6386789905540255,0.04525136576216491,0.1464838846944588,0.058067316642165995,0.006897827437697509
29199,0.22747242683902513,0.45274937507991875,0.192105982035516,0.0944869014537255,0.2687169402930081,0.17609001423102363,0.5163934256920188,0.14139302517681218,0.35221681228702395,0.6386789905540255,0.04525136576216491,0.1464838846944588,0.058067316642165995,0.006897827437697509
29200,0.21592779389895883,0.4391575157806439,0.17293313069801336,0.12215384024663845,0.2509837003762919,0.22055654283576767,0.7041726654369618,0.13110950988079273,0.39482825859743753,0.5935742762862539,0.10181582891730075,0.16096007997182352,0.04364339500443416,0.018909564009339776
29200,0.21592779389895883,0.4391575157806439,0.17293313069801336,0.12215384024663845,0.2509837003762919,0.18394683382953644,0.6728761254794713,0.11015127320211027,0.3612465143213489,0.5935742762862539,0.10181582891730075,0.16096007997182352,0.04364339500443416,0.018909564009339776
29202,0.22252265365801976,0.41516639313203096,0.22402040843316523,0.10701029792388302,0.44856019528238056,0.10226774611244605,0.6102830455644903,0.1459725688745297,0.39492282893355846,0.6575432289120786,0.10181582891730075,0.151534617449225,0.02953239370399839,0.00801050083037523
29202,0.22252265365801976,0.41516639313203096,0.22402040843316523,0.10701029792388302,0.44856019528238056,0.09713097000077431,0.5476899656495093,0.12568633089791004,0.3452722040837515,0.6575432289120786,0.10181582891730075,0.151534617449225,0.02953239370399839,0.00801050083037523
29203,0.25075087214444336,0.34723196705930703,0.30499026296482407,0.11473627594965626,0.3019223407833851,0.10891112737936384,0.7824145317241137,0.1534366171387096,0.3862659681269356,0.5431582605804781,0.005656548696485466,0.14120756518846572,0.030486505269212934,0.0020195255745760615
29203,0.25075087214444336,0.34723196705930703,0.30499026296482407,0.11473627594965626,0.3019223407833851,0.09085559348195782,0.5007446393198479,0.16401751673643772,0.3625920625500465,0.5431582605804781,0.005656548696485466,0.14120756518846572,0.030486505269212934,0.0020195255745760615
29205,0.1370018856572171,0.20312188930824981,0.25432791543222283,0.11555501868195331,0.3564651370801213,0.06974325813229112,0.7980622853094334,0.14414969012097578,0.29447552424945067,0.46713480337131,0.0169696460894564,0.14739159555804104,0.012251919972077486,0.002975721294274606
29205,0.1370018856572171,0.20312188930824981,0.25432791543222283,0.11555501868195331,0.3564651370801213,0.056923636756216145,0.8450076116390948,0.14454150004624244,0.277836224764073,0.46713480337131,0.0169696460894564,0.14739159555804104,0.012251919972077486,0.002975721294274606
29206,0.24148149831220683,0.4705634714760172,0.19295350180062276,0.11828749580057799,0.2492321798133993,0.1866670930470363,0.46944809936235743,0.1220454615170895,0.46805172696395747,0.613376972307768,0.033938268369193975,0.17247693157800162,0.02534175008895316,0.0051906645582387055
29206,0.24148149831220683,0.4705634714760172,0.19295350180062276,0.11828749580057799,0.2492321798133993,0.15335963403043248,0.3755584794898859,0.1313635814409424,0.4630469049915935,0.613376972307768,0.033938268369193975,0.17247693157800162,0.02534175008895316,0.0051906645582387055
29208,0.17848808773612374,0.36959710258326817,0.16197003537975962,0.08950505208789183,0.3092175835674882,0.12048081781846279,0.10953840624464242,0.13492210101371338,0.39841102140905205,0.5401183858325915,0.05656446315513584,0.15150885143675483,0.040789064041929626,0.006099123323742434
29208,0.17848808773612374,0.36959710258326817,0.16197003537975962,0.08950505208789183,0.3092175835674882,0.11295036066181918,0.15648269978745247,0.1320940768900064,0.3948477374855297,0.5401183858325915,0.05656446315513584,0.15150885143675483,0.040789064041929626,0.006099123323742434
29210,0.2040744224387061,0.4452662003978818,0.16706927669306249,0.10197298914875158,0.27693752862230725,0.13225785108169483,0.5007446393198479,0.12113008139950387,0.3696445069479841,0.6231373456997595,0.1696923656556887,0.1775679863906193,0.03141045922750386,0.015185960195827262
29210,0.2040744224387061,0.4452662003978818,0.16706927669306249,0.10197298914875158,0.27693752862230725,0.1628572121192237,0.06259307991498099,0.12280129809227147,0.3917018487515992,0.6231373456997595,0.1696923656556887,0.1775679863906193,0.03141045922750386,0.015185960195827262
29211,0.21691456625199507,0.35637722350135814,0.2719891893495718,0.05024957744558172,0.5923656809476778,0.05957469464842963,0.6885249118516423,0.1404394529840267,0.32513780607299114,0.45789612971259425,0.0169696460894564,0.14469249215036645,0.02707127374880798,0.002017279927714306
29211,0.21691456625199507,0.35637722350135814,0.2719891893495718,0.05024957744558172,0.5923656809476778,0.048770968977047136,0.6415795855219808,0.13954265693310064,0.30590336464905843,0.45789612971259425,0.0169696460894564,0.14469249215036645,0.02707127374880798,0.002017279927714306
29212,0.22757792190851667,0.39041013679870795,0.20990943793212186,0.10492509805244593,0.3486405409704998,0.1498212308278035,0.4538003457770379,0.1465875675072561,0.33084465765110993,0.6191404146836135,0.05656446315513584,0.15181829075935865,0.03741420910167594,0.005773522379716763
29212,0.22757792190851667,0.39041013679870795,0.20990943793212186,0.10492509805244593,0.3486405409704998,0.12697468310310864,0.4381515594048669,0.13734556282944,0.30412333539951253,0.6191404146836135,0.05656446315513584,0.15181829075935865,0.03741420910167594,0.005773522379716763
29213,0.24299396775404825,0.41954570087290843,0.21080310679443487,0.16259406933369855,0.212851067032373,0.2585510328421222,0.3599107259045664,0.15743389293655086,0.4608081445831431,0.6117324859240763,0.07918963413135888,0.16590989905865236,0.0423279857344312,0.0036793549308342913
29213,0.24299396775404825,0.41954570087290843,0.21080310679443487,0.16259406933369855,0.212851067032373,0.21673139037925845,0.2660211060320949,0.10460407954617867,0.40266094171171274,0.6117324859240763,0.07918963413135888,0.16590989905865236,0.0423279857344312,0.0036793549308342913
29214,0.22387421879282277,0.44459159810398596,0.17627183128251295,0.12048304239839014,0.2259245054951815,0.22000220576814997,0.5476899656495093,0.131596429652463,0.4730811019224088,0.6922999518026702,0.10747135380406739,0.16670206671889407,0.05345824746191039,0.02845154601683154
29214,0.22387421879282277,0.44459159810398596,0.17627183128251295,0.12048304239839014,0.2259245054951815,0.1910897162800805,0.5163934256920188,0.13511564421133593,0.470976469748436,0.6922999518026702,0.10747135380406739,0.16670206671889407,0.05345824746191039,0.02845154601683154
29215,0.21446156243075803,0.4290868001384993,0.19161925540099084,0.11226149170954049,0.2110507741184512,0.1997172770015164,0.48509688573452836,0.10164906079146296,0.3803593873432636,0.6889268209724171,0.4355429877224739,0.1673621821673181,0.05902995629256187,0.027032247217600697
29215,0.21446156243075803,0.4290868001384993,0.19161925540099084,0.11226149170954049,0.2110507741184512,0.1659914625473388,0.46944809936235743,0.10222341754411601,0.27037116943225137,0.6889268209724171,0.4355429877224739,0.1673621821673181,0.05902995629256187,0.027032247217600697
29217,0.28657345737887563,0.44861889439342695,0.31669170575707734,0.14538959105027488,0.19059515945451877,0.33498253913276876,0.8450076116390948,0.14347259276251934,0.5027956960798496,0.7017424594796846,0.3077346776637481,0.17632278812137817,0.05594276147183915,0.06266077349903071
29217,0.28657345737887563,0.44861889439342695,0.31669170575707734,0.14538959105027488,0.19059515945451877,0.3213365815191701,0.8293588252669237,0.14119210481287292,0.4979216394282422,0.7017424594796846,0.3077346776637481,0.17632278812137817,0.05594276147183915,0.06266077349903071
29218,0.18449494124717408,0.38602298135059165,0.18662596442868068,0.11849254699486753,0.2868793354088741,0.17922262321164587,0.4381515594048669,0.11854727221715478,0.420985304364315,0.6039620762447453,0.2941333655492125,0.14977599529266558,0.04081955010532914,0.01227024301412107
29218,0.18449494124717408,0.38602298135059165,0.18662596442868068,0.11849254699486753,0.2868793354088741,0.09311383732855033,0.48509688573452836,0.11484855586179776,0.3983230542747893,0.6039620762447453,0.2941333655492125,0.14977599529266558,0.04081955010532914,0.01227024301412107
29220,0.23522282670375827,0.4632568571747314,0.19230757628526562,0.10187950030613568,0.28893348866318447,0.18114444206418126,0.5007446393198479,0.1383800187751706,0.4006656525407074,0.5805185352336455,0.27150717076327063,0.1693155129415189,0.04018466435800845,0.03944323052573971
29220,0.23522282670375827,0.4632568571747314,0.19230757628526562,0.10187950030613568,0.28893348866318447,0.17416663673709495,0.4538003457770379,0.12567699867246884,0.368210831800173,0.5805185352336455,0.27150717076327063,0.1693155129415189,0.04018466435800845,0.03944323052573971
29224,0.19381370160199513,0.4915692890901918,0.1359470066484023,0.11008249975731478,0.251105630047763,0.19292619748791054,0.01564878637217094,0.11693453026142275,0.38403275559714256,0.6172993349031961,0.0,0.1631356411486141,0.0414557850281293,0.002200480441329802
29224,0.19381370160199513,0.4915692890901918,0.1359470066484023,0.11008249975731478,0.251105630047763,0.14676500082691926,0.06259307991498099,0.11952611280747605,0.38040251810520287,0.6172993349031961,0.0,0.1631356411486141,0.0414557850281293,0.002200480441329802
29225,0.23288263640022,0.4954552717564542,0.18812234196935834,0.11172480897029252,0.2626616161549157,0.2416550107453795,0.4225038058195474,0.11339126742267613,0.4181342056743911,0.6495047719077056,0.1414106459829802,0.15875423337444958,0.10076717696906907,0.034939901705930455
29225,0.23288263640022,0.4954552717564542,0.18812234196935834,0.11172480897029252,0.2626616161549157,0.20253950208941715,0.40685501944737645,0.13083375084882498,0.3234391760571542,0.6495047719077056,0.1414106459829802,0.15875423337444958,0.10076717696906907,0.034939901705930455
29226,0.2556643579074048,0.4866087407862981,0.26063172951339003,0.10975960524935909,0.3096262302089223,0.1855363802217425,0.7980622853094334,0.15427555664554848,0.4607499773235568,0.7610603189863145,0.005656548696485466,0.1531184251022225,0.804670168270948,0.023311495982534194
29226,0.2556643579074048,0.4866087407862981,0.26063172951339003,0.10975960524935909,0.3096262302089223,0.18222463272576825,0.8137110716816042,0.15227190908705213,0.4617544517824501,0.7610603189863145,0.005656548696485466,0.1531184251022225,0.804670168270948,0.023311495982534194
29227,0.21811877313673822,0.45828993063414225,0.1623579138360179,0.1264244067791458,0.24573995742218868,0.23520140071627113,0.40685501944737645,0.13019391157746063,0.43457386699442124,0.6650579082812507,0.005656548696485466,0.17335634102336026,0.05184550554467597,0.0032872449957312717
29227,0.21811877313673822,0.45828993063414225,0.1623579138360179,0.1264244067791458,0.24573995742218868,0.2301133031776532,0.4225038058195474,0.13042669854385947,0.4423613793029644,0.6650579082812507,0.005656548696485466,0.17335634102336026,0.05184550554467597,0.0032872449957312717
29228,0.22963982620073897,0.4506934989090785,0.1831512292750202,0.10316715839351849,0.26711000240858573,0.146619124042672,0.3599107259045664,0.12778883286783782,0.43542358053548513,0.5519070403659567,0.1979740853283972,0.15948806456406436,0.06481580696230546,0.0184509486533452
29228,0.22963982620073897,0.4506934989090785,0.1831512292750202,0.10316715839351849,0.26711000240858573,0.13416895921952995,0.3442619395323955,0.12273213703842922,0.4237677401595108,0.5519070403659567,0.1979740853283972,0.15948806456406436,0.06481580696230546,0.0184509486533452
29230,0.22294565168027825,0.4764260187899767,0.1595691630067771,0.15040022139353618,0.23296619187658985,0.25286913315163406,0.5320422120641898,0.13103867989738016,0.48436144975693574,0.7163444839626292,0.05090791445865037,0.171173338183054,0.05446723777078145,0.021348511440310483
29230,0.22294565168027825,0.4764260187899767,0.1595691630067771,0.15040022139353618,0.23296619187658985,0.2589097245632884,0.5633387520216803,0.13017851512800205,0.477158419284887,0.7163444839626292,0.05090791445865037,0.171173338183054,0.05446723777078145,0.021348511440310483
29231,0.2046586792632059,0.37963272311435714,0.24479032699254827,0.12705827354942772,0.2692080312399706,0.11170395412791409,0.7667657453519429,0.12596014252639398,0.41887321060940197,0.5239834180361806,0.09615928022081528,0.15804443570427465,0.05487826643723869,0.009772948036788394
29231,0.2046586792632059,0.37963272311435714,0.24479032699254827,0.12705827354942772,0.2692080312399706,0.09398215276463256,0.6885249118516423,0.13525554146699792,0.4238298648810994,0.5239834180361806,0.09615928022081528,0.15804443570427465,0.05487826643723869,0.009772948036788394
29232,0.2473342079398566,0.49095442407140144,0.1915416661092743,0.11937985537296741,0.24210682613907597,0.1992522558817764,0.5320422120641898,0.12079144946518816,0.48121434405699004,0.6396001141586505,0.08484618282784435,0.1630502605781807,0.0943417331668166,0.014764271271456122
29232,0.2473342079398566,0.49095442407140144,0.1915416661092743,0.11937985537296741,0.24210682613907597,0.1752029891197218,0.5007446393198479,0.13467618271040938,0.4788381445233165,0.6396001141586505,0.08484618282784435,0.1630502605781807,0.0943417331668166,0.014764271271456122
29233,0.21324149552419824,0.42231705478741066,0.19159176070132317,0.11889390057669105,0.29878285014677664,0.1983732013525322,0.7041726654369618,0.1238455255058013,0.3811477007684574,0.6055580742036415,0.0,0.15521628632878126,0.06709610205367177,0.0029997950570549246
29233,0.21324149552419824,0.42231705478741066,0.19159176070132317,0.11889390057669105,0.29878285014677664,0.1558973471431773,0.6728761254794713,0.13290922936569427,0.36747580476476205,0.6055580742036415,0.0,0.15521628632878126,0.06709610205367177,0.0029997950570549246
29234,0.20624410529270482,0.3066543076114062,0.2384017248936386,0.05712282022815967,0.36195008836506015,0.10420059809161653,0.8293588252669237,0.13806467051366111,0.3521383356297141,0.5445880668508509,0.29978991424569795,0.13873163066465355,0.07176558955070426,0.023581812599605508
29234,0.20624410529270482,0.3066543076114062,0.2384017248936386,0.05712282022815967,0.36195008836506015,0.08706242273652748,0.7198214518091328,0.11742232947476472,0.4086467887871317,0.5445880668508509,0.29978991424569795,0.13873163066465355,0.07176558955070426,0.023581812599605508
29235,0.31464371852704215,0.4648944843542778,0.34723062874508187,0.12089812845494174,0.32445577965868044,0.17992482037247245,0.7980622853094334,0.16460465840827565,0.4713925996649646,0.5856769594718643,0.005656548696485466,0.1806005026158787,0.03996201210852294,0.002737846955474799
29235,0.31464371852704215,0.4648944843542778,0.34723062874508187,0.12089812845494174,0.32445577965868044,0.16284634173200227,0.7980622853094334,0.1557493525589171,0.468934547554517,0.5856769594718643,0.005656548696485466,0.1806005026158787,0.03996201210852294,0.002737846955474799
29237,0.20327304487182896,0.44685275942819347,0.149799331669895,0.11817983887388944,0.2651852301236508,0.16186699263352597,0.4225038058195474,0.12967185146017723,0.42181602580369293,0.6079663793952441,0.011313097392970931,0.15791690678047807,0.02920452491480159,0.003869288814849265
29237,0.20327304487182896,0.44685275942819347,0.149799331669895,0.11817983887388944,0.2651852301236508,0.16186699263352597,0.4225038058195474,0.12967185146017723,0.42181602580369293,0.6079663793952441,0.011313097392970931,0.15791690678047807,0.02920452491480159,0.003869288814849265
29241,0.20036006335054996,0.37433641046669175,0.23693304877969373,0.1342276210837044,0.22020712147726273,0.1281862438753036,0.5789865056069998,0.13785601699613392,0.46781322577855833,0.6314074452683807,0.0,0.16297361094186344,0.05461962537370816,0.00350818951351606
29241,0.20036006335054996,0.37433641046669175,0.23693304877969373,0.1342276210837044,0.22020712147726273,0.11508942339354758,0.6102830455644903,0.13543896199432548,0.46191152586468953,0.6314074452683807,0.0,0.16297361094186344,0.05461962537370816,0.00350818951351606
29242,0.22715146115814383,0.34287579489013253,0.26284278019896584,0.14938824810209303,0.24677917587776788,0.15007468709933178,0.6415795855219808,0.18503332574356368,0.418935545280853,0.5038073430691652,0.005656548696485466,0.15381014742224364,0.017735869061906988,0.002297589494811142
29242,0.22715146115814383,0.34287579489013253,0.26284278019896584,0.14938824810209303,0.24677917587776788,0.13432727504831962,0.6415795855219808,0.17023407076941788,0.4267420404012652,0.5038073430691652,0.005656548696485466,0.15381014742224364,0.017735869061906988,0.002297589494811142
29243,0.21645864562480138,0.41546942591787805,0.19434711966935297,0.12464034795719167,0.25899175183053125,0.16464308610560466,0.6259318319366612,0.16453908880665624,0.36403368606520414,0.6551044694071615,0.028281719672708507,0.15555349301168592,0.04517418334868509,0.006211330692928648
29243,0.21645864562480138,0.41546942591787805,0.19434711966935297,0.12464034795719167,0.25899175183053125,0.17457060095594748,0.48509688573452836,0.1256705153021488,0.3783194178688588,0.6551044694071615,0.028281719672708507,0.15555349301168592,0.04517418334868509,0.006211330692928648
29245,0.20036006335054996,0.37433641046669175,0.23693304877969373,0.1342276210837044,0.22020712147726273,0.19935415959907585,0.5163934256920188,0.12255381803836018,0.4122773254111758,0.5364783764549776,0.028281719672708507,0.15831955130677208,0.08975564121088377,0.003921513492581804
29245,0.20036006335054996,0.37433641046669175,0.23693304877969373,0.1342276210837044,0.22020712147726273,0.18773974874177582,0.5633387520216803,0.1834764422098185,0.36090146079398144,0.5364783764549776,0.028281719672708507,0.15831955130677208,0.08975564121088377,0.003921513492581804
29246,0.19784957156334337,0.44429644817261726,0.15819611448103127,0.1232819769893653,0.24595596304648348,0.08621985145670094,0.5163934256920188,0.13620075657151676,0.3687703593304896,0.5310333076357676,0.005656548696485466,0.15804833524002967,0.03613018289056047,0.00201911500321024
29246,0.19784957156334337,0.44429644817261726,0.15819611448103127,0.1232819769893653,0.24595596304648348,0.06892472651523315,0.48509688573452836,0.1496857649164276,0.3534875180347862,0.5310333076357676,0.005656548696485466,0.15804833524002967,0.03613018289056047,0.00201911500321024
29247,0.23308232193668027,0.4342197073458236,0.2162112772257982,0.1482468610333328,0.28160039116298763,0.1494540016541314,0.3442619395323955,0.11951305419915292,0.4179599918799568,0.5812373267633624,0.0,0.17233946278640663,0.039897948366733306,0.0025283270322172284
29247,0.23308232193668027,0.4342197073458236,0.2162112772257982,0.1482468610333328,0.28160039116298763,0.1269522943602607,0.31296539957490493,0.11932823651748337,0.3984513113449809,0.5812373267633624,0.0,0.17233946278640663,0.039897948366733306,0.0025283270322172284
29248,0.28999663712212587,0.4317122661548153,0.3609146412142709,0.20319472004871167,0.2470894624922192,0.3020933434693186,0.8450076116390948,0.14470830687731473,0.4363856859974258,0.6417442614313782,0.0169696460894564,0.14428129881740165,0.02200136540388059,0.0033751751015471516
29248,0.28999663712212587,0.4317122661548153,0.3609146412142709,0.20319472004871167,0.2470894624922192,0.2961006994291777,0.8919519051819048,0.16910096041585665,0.42970974858894184,0.6417442614313782,0.0169696460894564,0.14428129881740165,0.02200136540388059,0.0033751751015471516
29249,0.20857504867074167,0.4061563670763275,0.21105218842712842,0.09240872054375929,0.3080423529939613,0.13248292073903015,0.5946352919791708,0.1417520354684665,0.3540607907781995,0.5891813043121168,0.16403581695920322,0.14897189896943822,0.015812853606870632,0.02123895671916606
29249,0.20857504867074167,0.4061563670763275,0.21105218842712842,0.09240872054375929,0.3080423529939613,0.12652246812330611,0.6415795855219808,0.14130071825168788,0.30808674288503146,0.5891813043121168,0.16403581695920322,0.14897189896943822,0.015812853606870632,0.02123895671916606
29250,0.22790204127124525,0.42209708875055874,0.22982011992596102,0.1212046612076266,0.24337541624086256,0.10562792364671103,0.6572283718941517,0.15188241786382028,0.4056503936448438,0.6292322920030866,0.033938268369193975,0.1658084645701254,0.02559196911602999,0.012513626149594469
29250,0.22790204127124525,0.42209708875055874,0.22982011992596102,0.1212046612076266,0.24337541624086256,0.10796960840082506,0.7511179917666232,0.1570469558262908,0.39557694166370305,0.6292322920030866,0.033938268369193975,0.1658084645701254,0.02559196911602999,0.012513626149594469
29251,0.23132951712470667,0.5004915110229048,0.17845606729166175,0.16209682647074417,0.27004552673065685,0.2380835420151278,0.46944809936235743,0.10357974531378766,0.3637077249695452,0.6177713754107217,0.0169696460894564,0.16453818452159882,0.012179392952662304,0.0016474086798956714
29251,0.23132951712470667,0.5004915110229048,0.17845606729166175,0.16209682647074417,0.27004552673065685,0.19986036337937566,0.31296539957490493,0.09581944961047317,0.34563754099735555,0.6177713754107217,0.0169696460894564,0.16453818452159882,0.012179392952662304,0.0016474086798956714
29252,0.24415145891529244,0.4444538307977861,0.2447068038180335,0.11915666601307412,0.28725890293207,0.1139183088394797,0.6102830455644903,0.1443683763550252,0.3956200185447042,0.6290667106687478,0.23756890239407663,0.16763642387759933,0.07101571605173912,0.021362792183469505
29252,0.24415145891529244,0.4444538307977861,0.2447068038180335,0.11915666601307412,0.28725890293207,0.09312207073165546,0.5789865056069998,0.14435803836984884,0.3956606094707008,0.6290667106687478,0.23756890239407663,0.16763642387759933,0.07101571605173912,0.021362792183469505
29253,0.24004174684298757,0.4719801500756554,0.18888870776092087,0.142152048320482,0.21982490052975634,0.16603478644241734,0.21907577970243344,0.11484940276699818,0.46239962399280254,0.6642324315610768,0.19231753663191176,0.16204164791461492,0.03039900328571509,0.014966854323724197
29253,0.24004174684298757,0.4719801500756554,0.18888870776092087,0.142152048320482,0.21982490052975634,0.14943599790770437,0.15648269978745247,0.12105976817180697,0.4724157726673297,0.6642324315610768,0.19231753663191176,0.16204164791461492,0.03039900328571509,0.014966854323724197
29254,0.2576253333025371,0.49282376752336665,0.20814482386410676,0.12983491651126797,0.22438756494406775,0.14043646050170863,0.6102830455644903,0.1284791457752419,0.4750306127336561,0.6454003450428378,0.028281719672708507,0.15683046864024566,0.04275694841905215,0.005154555699161121
29254,0.2576253333025371,0.49282376752336665,0.20814482386410676,0.12983491651126797,0.22438756494406775,0.18993866797710843,0.6102830455644903,0.13391191153360338,0.46444978997024555,0.6454003450428378,0.028281719672708507,0.15683046864024566,0.04275694841905215,0.005154555699161121
29150,0.2727852901176755,0.40902285548528616,0.297767519878045,0.09472472390571984,0.26037237674331504,0.1842843111171403,0.5007446393198479,0.14096007384094666,0.5248271991867175,0.7039832760644253,0.07353308543487341,0.15775441691874614,0.016467225807895815,0.006272941389102453
29150,0.2727852901176755,0.40902285548528616,0.297767519878045,0.09472472390571984,0.26037237674331504,0.17300356660343516,0.5320422120641898,0.13412509527623695,0.5148759101558769,0.7039832760644253,0.07353308543487341,0.15775441691874614,0.016467225807895815,0.006272941389102453
29152,0.2132676848319155,0.4253877356260084,0.18218394381676278,0.1349191916112346,0.23773078188092334,0.22980816316655997,0.20342802611711389,0.11358878963930819,0.4458018444151126,0.8081622106113391,0.10747135380406739,0.15239880692847715,0.044233947964902896,0.014311164712135133
29152,0.2132676848319155,0.4253877356260084,0.18218394381676278,0.1349191916112346,0.23773078188092334,0.1632523669803094,0.2973176459895854,0.11791184355151829,0.43689373307836643,0.8081622106113391,0.10747135380406739,0.15239880692847715,0.044233947964902896,0.014311164712135133
29153,0.27361676719260974,0.46498811502077686,0.26839542700799995,0.09047852787990854,0.31343282066361433,0.2074117957519606,0.7667657453519429,0.14372452170035976,0.353121270719125,0.730972409719,0.10747135380406739,0.18069285309866276,0.012136916018544098,0.04393676989611345
29153,0.27361676719260974,0.46498811502077686,0.26839542700799995,0.09047852787990854,0.31343282066361433,0.18248698162701996,0.8137110716816042,0.1401358216798898,0.45290124697955547,0.730972409719,0.10747135380406739,0.18069285309866276,0.012136916018544098,0.04393676989611345
29154,0.3048756220530197,0.49981387935289023,0.275953392991464,0.12043890094271914,0.28813415182628566,0.21410090384370176,0.6572283718941517,0.13520688508855783,0.4694982294909549,0.6119474978542554,0.028281719672708507,0.14601765281265458,0.024851382245228634,0.004989920151652352
29154,0.3048756220530197,0.49981387935289023,0.275953392991464,0.12043890094271914,0.28813415182628566,0.1975143312079801,0.6885249118516423,0.1258246769294703,0.45303780728809917,0.6119474978542554,0.028281719672708507,0.14601765281265458,0.024851382245228634,0.004989920151652352
29155,0.27198545479335406,0.43614327509015205,0.30202903512095364,0.10997111125362745,0.26748212104608127,0.23155215815248034,0.7667657453519429,0.12413408381127933,0.4741060418479497,0.701136909221117,0.022625170976223043,0.1486246453789207,0.0471110455271739,0.003916008266094001
29155,0.27198545479335406,0.43614327509015205,0.30202903512095364,0.10997111125362745,0.26748212104608127,0.22095745786461293,0.7980622853094334,0.12718449567108714,0.48118334579593225,0.701136909221117,0.022625170976223043,0.1486246453789207,0.0471110455271739,0.003916008266094001
29157,0.209158188698908,0.4091156544654202,0.19836228289285612,0.13470765099155785,0.2187931309598775,0.23201212076289665,0.6572283718941517,0.121991144749654,0.4608287995620557,0.7222763233951559,0.0,0.15360371646142948,0.021970798331036344,0.002741720607056684
29157,0.209158188698908,0.4091156544654202,0.19836228289285612,0.13470765099155785,0.2187931309598775,0.2180297150953143,0.5946352919791708,0.1268642927767164,0.45713289607032204,0.7222763233951559,0.0,0.15360371646142948,0.021970798331036344,0.002741720607056684
29158,0.23984427300313788,0.42611402134328735,0.23106535672357237,0.15075282653520228,0.22452377968714454,0.22879503973888285,0.6259318319366612,0.12681910823112086,0.4922975879882221,0.7154919189818856,0.23756890239407663,0.1715056125899899,0.10772876337001416,0.039595423975771184
29158,0.23984427300313788,0.42611402134328735,0.23106535672357237,0.15075282653520228,0.22452377968714454,0.25315677316311147,0.6259318319366612,0.11750495679977258,0.4756403368606521,0.7154919189818856,0.23756890239407663,0.1715056125899899,0.10772876337001416,0.039595423975771184
29161,0.24016314683095724,0.46230521446591466,0.1957233724646089,0.11688517660147218,0.24445116270038036,0.15699833234579355,0.6728761254794713,0.11868607280235388,0.5056710616295002,0.6704415242132495,0.11312790250055285,0.1551874013267507,0.04636918165294384,0.004450515061421405
29161,0.24016314683095724,0.46230521446591466,0.1957233724646089,0.11688517660147218,0.24445116270038036,0.21757491340514093,0.6728761254794713,0.12254321019186587,0.5129551940611168,0.6704415242132495,0.11312790250055285,0.1551874013267507,0.04636918165294384,0.004450515061421405
29162,0.23739393601760533,0.49173630442847316,0.1656966212207498,0.1148408136348697,0.24571863112734482,0.15237230347989952,0.4225038058195474,0.11745972440642571,0.4824984624424036,0.7764002137940276,0.005656548696485466,0.15669373680293802,0.02186992684336045,0.0021272416500387648
29162,0.23739393601760533,0.49173630442847316,0.1656966212207498,0.1148408136348697,0.24571863112734482,0.25315728009327954,0.2973176459895854,0.11471907601857922,0.4717531188795203,0.7764002137940276,0.005656548696485466,0.15669373680293802,0.02186992684336045,0.0021272416500387648
29163,0.22982626130946798,0.4184860732069968,0.2003515045571323,0.11438920631804077,0.2611823248652514,0.1890200332192651,0.21907577970243344,0.12207872814475607,0.45722823560328263,0.7214222942387944,0.005656548696485466,0.1510491540046874,0.009063084810403455,0.01326336516544305
29163,0.22982626130946798,0.4184860732069968,0.2003515045571323,0.11438920631804077,0.2611823248652514,0.2701603532788872,0.2660211060320949,0.1306204704537336,0.4715874108414466,0.7214222942387944,0.005656548696485466,0.1510491540046874,0.009063084810403455,0.01326336516544305
29164,0.23702195483201338,0.4572103219600051,0.192702346097045,0.14844462150821278,0.19200894493457088,0.2939274640216063,0.6102830455644903,0.12413601590348255,0.5253859928214983,0.7777795137614618,0.09050273152432982,0.1451246454309571,0.06309550659595764,0.012169460239462072
29164,0.23702195483201338,0.4572103219600051,0.192702346097045,0.14844462150821278,0.19200894493457088,0.2806582407746687,0.5476899656495093,0.08964731360211042,0.48494743654376893,0.7777795137614618,0.09050273152432982,0.1451246454309571,0.06309550659595764,0.012169460239462072
29165,0.23670840233064538,0.4273267965894588,0.2481267576594704,0.12113901294432877,0.26063082991996445,0.15743021697234585,0.5633387520216803,0.1296385503821298,0.5140261947568496,0.6019422159678425,0.09050273152432982,0.1548469775154366,0.04255093550951371,0.03145621437748949
29165,0.23670840233064538,0.4273267965894588,0.2481267576594704,0.12113901294432877,0.26063082991996445,0.15137440600922455,0.46944809936235743,0.13660325951227548,0.4674120598991045,0.6019422159678425,0.09050273152432982,0.1548469775154366,0.04255093550951371,0.03145621437748949
29168,0.27282002103148895,0.3847051521901559,0.330809963387168,0.1039087338979598,0.3080185783121401,0.17677883574160777,0.8293588252669237,0.1616918432842407,0.49813777816638116,0.8772059750219439,0.028281719672708507,0.15356556098984295,0.027307809544220817,0.0028755525915714454
29168,0.27282002103148895,0.3847051521901559,0.330809963387168,0.1039087338979598,0.3080185783121401,0.11956209831344869,0.9076006915540757,0.16699789097159679,0.4909290976276892,0.8772059750219439,0.028281719672708507,0.15356556098984295,0.027307809544220817,0.0028755525915714454
29169,0.2679660944909718,0.42866834658237307,0.30109502591995635,0.12725935895377724,0.22213628156112541,0.18086510638255246,0.39120726586205684,0.12258112570706237,0.4916204160745494,0.6079872777876321,0.0169696460894564,0.1541342516558822,0.015200647558275692,0.005336124637870699
29169,0.2679660944909718,0.42866834658237307,0.30109502591995635,0.12725935895377724,0.22213628156112541,0.17294886799200268,0.4538003457770379,0.11797425807240736,0.4786975988833193,0.6079872777876321,0.0169696460894564,0.1541342516558822,0.015200647558275692,0.005336124637870699
29170,0.2655637511269681,0.47457007630909864,0.24393892565478376,0.09894775908816283,0.313256404130031,0.180221482405483,0.5163934256920188,0.11950900723633617,0.4911828359707806,0.8015385997927891,0.005656548696485466,0.15460121912259447,0.017025232119270955,0.0015637627970274976
29170,0.2655637511269681,0.47457007630909864,0.24393892565478376,0.09894775908816283,0.313256404130031,0.1610324683363216,0.5320422120641898,0.11232338025301392,0.4877137637964466,0.8015385997927891,0.005656548696485466,0.15460121912259447,0.017025232119270955,0.0015637627970274976
29171,0.24890031167423882,0.38092079638484566,0.31312733538001475,0.12745720171413427,0.2219303758346377,0.1639468960944436,0.7667657453519429,0.15476831384289458,0.41286935243696243,0.6783754555344566,0.288476816852727,0.14632803198591032,0.05082828467622058,0.04449800310226296
29171,0.24890031167423882,0.38092079638484566,0.31312733538001475,0.12745720171413427,0.2219303758346377,0.1455420814104403,0.7667657453519429,0.15386734642499822,0.38588057264066433,0.6783754555344566,0.288476816852727,0.14632803198591032,0.05082828467622058,0.04449800310226296
29172,0.2337561439948712,0.45008322593637184,0.19919109385856493,0.12785940675276944,0.28817792367859174,0.19490432017898177,0.3599107259045664,0.1196803854415811,0.4951928839110664,0.5944628137216781,0.0,0.14583405077396577,0.027924491732861705,0.0016541420502951495
29172,0.2337561439948712,0.45008322593637184,0.19919109385856493,0.12785940675276944,0.28817792367859174,0.1382185651985379,0.31296539957490493,0.13630008084786727,0.47904406817878376,0.5944628137216781,0.0,0.14583405077396577,0.027924491732861705,0.0016541420502951495
29173,0.2814454903229275,0.5265816935574629,0.2259014819213347,0.17536636798762453,0.16994292604918526,0.34093415863201393,0.46944809936235743,0.12718193294552005,0.5161914671396697,0.8031178646050905,0.07918963413135888,0.17485603729229524,0.06601528729820616,0.03979229473077565
29173,0.2814454903229275,0.5265816935574629,0.2259014819213347,0.17536636798762453,0.16994292604918526,0.3291527800866788,0.5007446393198479,0.11666746420893692,0.49923272057824875,0.8031178646050905,0.07918963413135888,0.17485603729229524,0.06601528729820616,0.03979229473077565
29174,0.23507749828959174,0.4748985418744289,0.18948419051232995,0.10847330137739904,0.2634132010030428,0.27420791969668845,0.18777923974494296,0.10828819850952642,0.4948145003785973,0.6295012788014753,0.10747135380406739,0.15218088459313023,0.007459916736636856,0.007023290906721085
29174,0.23507749828959174,0.4748985418744289,0.18948419051232995,0.10847330137739904,0.2634132010030428,0.1361345751226721,0.1721314861596234,0.11173991998717192,0.4927487646680171,0.6295012788014753,0.10747135380406739,0.15218088459313023,0.007459916736636856,0.007023290906721085
28853,0.15129019266387306,0.3840612583158902,0.19854927840367453,0.31861617399281655,0.18780916524115476,0.25436200697474154,0.03278685138403766,0.1145655163159709,0.3124012682903954,0.7310813299522936,0.0169696460894564,0.15348712111833535,0.03885021344979749,0.008808383801598664
28854,0.1641511700549803,0.34422674854673274,0.24585993962797198,0.27118967186746545,0.21815059220209265,0.1395543905182756,0.11475397984413181,0.1389601029036711,0.2980278907801429,0.7501364054938529,0.0169696460894564,0.148327282155806,0.053118069655811964,0.01573964602921723
28855,0.15224427758341597,0.3485291229293722,0.22810561677055258,0.38585772980047633,0.29455668335469554,0.05420973322713571,0.3278685138403766,0.1436163484608577,0.27640031448631386,0.8136568347949242,0.05090791445865037,0.20444398621666068,0.052095945506602064,0.017304611978855872
28856,0.10343823423384411,0.2528641310460855,0.1877164102561062,0.18364918268115366,0.21762922327154444,0.1943293726615323,0.04918027707605649,0.16005834018915865,0.2237025739518662,0.8167269143190554,0.322415085221921,0.11271348351520488,0.6725128683907996,0.08977918001029557
28857,0.13573872844881885,0.3337709210466684,0.1777479087694095,0.3514129548434586,0.1599090864465138,0.16348851448656146,0.01639342569201883,0.19280366277599548,0.1726368498721368,0.8261083467865862,0.0,0.15225269187605203,0.030945902465768567,0.01380174918253813
28858,0.12262596827338944,0.38177598559044124,0.13828681837455659,0.34157785875269453,0.2330302889591136,0.2753873941728856,0.0,0.05679266560191709,0.24170224449779942,0.7921629586085528,0.1696923656556887,0.16852201310345896,0.12758702980522024,0.07131315803254602
28859,0.21180353933667828,0.546692909668214,0.14745031786924762,0.21458621044856088,0.12377703854448585,0.1110116113587945,0.1639342569201883,0.06707169086494136,0.17118737646169224,0.661040358084465,0.0,0.166109461897643,0.034954741739157975,0.01088235827965428
28860,0.13185987981804936,0.32930473446349995,0.19627065244862474,0.4243493682497831,0.19035775999367044,0.06018682377391152,0.06557370276807532,0.1457774132076839,0.348875575425194,0.7415636734367324,0.022625170976223043,0.16367712521517128,0.09825331250086597,0.02010098498998213
28861,0.146594072788157,0.30608479714340386,0.23699816780522237,0.2633029928234499,0.33726965533103703,0.04376603279286906,0.1639342569201883,0.12605661029198345,0.2615593005986693,0.7830167903649057,0.011313097392970931,0.22415536279211076,0.046293103474051585,0.005598483310816647
28862,0.13773342169156155,0.34626601073591334,0.20955508870176914,0.2950495933237163,0.2180105927110676,0.08524253446571764,0.04918027707605649,0.1292921728538109,0.2587536495510213,0.7855066645036723,0.45251263381193024,0.17123369448813205,0.07990689292883449,0.016671771556321244
28863,0.14540895614581484,0.36556778157588155,0.20967923510463632,0.33666005128448584,0.19616419534365048,0.07871127110477341,0.13114740553615065,0.13073762280227086,0.3376018586619758,0.7734858636109476,0.04525136576216491,0.1606776071508665,0.0511195902207643,0.019282901907560265
28864,0.14984193366713788,0.3119618381521788,0.22728597931836075,0.35514408932011543,0.3404045193605296,0.2897594929540882,0.4754093450685461,0.1701874268674033,0.28027959338991626,0.7135686322487147,0.0,0.17031281955321567,0.05000415350152108,0.0016951456340904875
28865,0.1470660543675953,0.34869322104677114,0.2551601727557154,0.3510690637389508,0.2827342452026995,0.12070684221110381,0.0,0.14094449557003264,0.32216294844222226,0.7595040082123174,0.0,0.18409013430855634,0.09238725217054902,0.008100876513457094
28866,0.10730705105970391,0.2960829633772514,0.20264851290042446,0.26553478979733774,0.31693965859836726,0.05084721293633471,0.21311453399624478,0.1654515530822691,0.2694855488908757,0.7400405740234592,0.028281719672708507,0.1977375161947588,0.08681340910925371,0.056522388842158336
28867,0.16321251171929607,0.36308163605782295,0.23148184783770592,0.29850328029121465,0.34405539481566727,0.05806862550059885,0.0,0.16177565436261898,0.2836489245160386,0.7895924219491679,0.0,0.17676789960994985,0.03683853536685519,0.002086437996647653
28868,0.15417894454199038,0.37915539595742753,0.22687183156431462,0.33657384504066407,0.23461954056440515,0.16820374205962965,0.01639342569201883,0.1410245687820687,0.3588941821852749,0.7507954261510945,0.0,0.16292117946296017,0.05588494134888952,0.003467592930900754
28869,0.13158347105245372,0.3463153009877049,0.1508110688873499,0.2905220485011636,0.21736823728078047,0.3023755775585397,0.3934422166084519,0.0,0.0,0.7699703752544649,0.03959481706567944,0.18435093578934683,0.14697012134983575,0.07709685901194938
28870,0.12103693095395775,0.39705236993928794,0.1272903855969511,0.3953370000518021,0.16722241593559806,0.28275074974639924,0.01639342569201883,0.12155110811875525,0.318835597998706,0.8599771425959379,0.0,0.1813548610292641,0.04010539146119594,0.0016174191192617282
28871,0.09895417077657877,0.2971648483287901,0.16620926082088477,0.49641468734600913,0.23515007104543595,0.01599160910210043,0.0,0.1722086575175994,0.08031936681202512,0.8810662285151099,0.06787653673838795,0.17356468843048925,0.08278754606927953,0.022858189492808982
28872,0.1675981055899416,0.32441334447456127,0.2685696244814287,0.3141992044559871,0.19325056418434416,0.14459567951188326,0.7377051889276988,0.16931677578481952,0.19935973467093815,0.7735728421171313,0.022625170976223043,0.1582851817124596,0.07967977926829298,0.007382962133738388
28873,0.18750624135674965,0.3810133216904066,0.24818038837237072,0.3557678070685302,0.2502772719855201,0.1310698112792086,0.06557370276807532,0.08508263907163083,0.2635458796373419,0.894130109197167,0.005656548696485466,0.16872084446567945,0.089247793001886,0.00729238295006651
28874,0.1331652535002098,0.2692590166616472,0.23618785211161392,0.2741194745454756,0.3491107567047509,0.030199181480580622,0.03278685138403766,0.16258428136196534,0.13887220953873203,0.8199136173532691,0.028281719672708507,0.16046178475865916,0.14733702490819933,0.02787073034162522
28875,0.12948160064228909,0.3269041606263514,0.16889036397112406,0.2738685210582612,0.17824063253776046,0.2686413978636977,0.0,0.09058371419385902,0.29739713264970435,0.6858689566250677,0.2771637194597561,0.17755802849266025,0.2825745719445107,0.22951523074817656
28876,0.1265547060939241,0.29651376862114476,0.15469273130828692,0.2881892374953275,0.16130933946258275,0.22541825404959911,0.03278685138403766,0.17371865503970763,0.21781790041442617,0.8280038620671557,0.03959481706567944,0.160061915507724,0.03201991242787705,0.013732180542238962
28877,0.14320232044807196,0.3066816620365931,0.24320061354199268,0.21860657961052804,0.29438384411952323,0.04604669799230654,0.08196712846009414,0.08492915592542472,0.22624361571267737,0.7022361901539769,0.005656548696485466,0.14845227339155032,0.03717970737977527,0.005831259424308684
28878,0.14089107068848122,0.28508647852846214,0.21451389569554374,0.23749841174978847,0.3107084727335929,0.06667451396740706,0.01639342569201883,0.12456720548514,0.25679541745966095,0.7418521261498432,0.011313097392970931,0.17006001570393212,0.04868934812010609,0.02361425130769122
28879,0.12831055751148135,0.30504880737828166,0.19586077932066953,0.2483645871670316,0.2504950481674909,0.15921256011129933,0.06557370276807532,0.12120230566639345,0.2858998434368577,0.7102381945134157,0.022625170976223043,0.13323720167481076,0.06290080996939815,0.006136253255955887
28880,0.18162917165171533,0.37695847470411525,0.23690943701273043,0.334045655367304,0.22094306318297796,0.33889327128556845,0.03278685138403766,0.1399101975218816,0.3640589915264607,0.8648708194682575,0.005656548696485466,0.17801904372406344,0.07392197701411209,0.019558113249349328
28881,0.19524424207603686,0.4909593040089191,0.1686599136151789,0.32386854413699895,0.2260666108402274,0.14886555515077207,0.03278685138403766,0.1312472951367062,0.35784359493321494,0.7681115763188142,0.06787653673838795,0.19184495158816053,0.19245417613489713,0.03490603492352884
28882,0.1727208814937673,0.37188075814078525,0.2375148630639648,0.37552930272197865,0.2474974168311288,0.3235172815103453,0.11475397984413181,0.1279074589271194,0.31437208622570234,0.8405909893631893,0.0,0.20750021940651428,0.06864843301862426,0.0022157822576246923
28883,0.151303292580582,0.32507157407852083,0.20072596479480515,0.2834564934571399,0.22416754300024866,0.20176202005307406,0.13114740553615065,0.14272843103868893,0.31463304833042116,0.8373024374367022,0.03959481706567944,0.16945745617994032,0.11729788619655046,0.01859804030788311
28884,0.17065218585053976,0.35639361277763226,0.230948346484593,0.26014815452764123,0.23229287098460027,0.16665440189150124,0.3770487909164331,0.1613069339616866,0.24257502837017186,0.7263157849699484,0.0169696460894564,0.17571142440147822,0.06927975876907393,0.011775718729453134
28885,0.16067617186498906,0.3461300146136389,0.22873746036464143,0.22107327988073294,0.3263501292277946,0.15669489403304485,0.6229512090835669,0.1879077507027076,0.2990065023887649,0.7446718195036575,0.0,0.17665231030417325,0.06723861534173567,0.0035298141288446065
28886,0.14259536251356586,0.30565209552822614,0.21179867849941209,0.23267129793639507,0.31388412713134817,0.0677465181998132,0.1639342569201883,0.14431769410278905,0.29746203502654867,0.7711407526706491,0.1696923656556887,0.10264492396175501,0.08448040780024861,0.027033264720550777
28887,0.17381790776749512,0.38899096827384116,0.2120044793729285,0.29290546379047233,0.24862977048000334,0.2784017070118485,0.901639445847887,0.09487773313353964,0.21204503353939763,0.756491643240321,0.2262558050011057,0.1339718805102054,0.19335552845810905,0.12290785149118162
28888,0.13720758104389436,0.4123296700909269,0.19714221919556885,0.47837257166253816,0.28216854478853604,0.04430783764452431,0.14754083122816947,0.1925050267771089,0.17983267330422847,0.7596161393807179,0.011313097392970931,0.114042224191414,0.018397959253666232,0.014026363851314786
28889,0.16697926998698714,0.4186109778082612,0.19717381307533133,0.28564287511804987,0.2751649422825939,0.2478443439236265,0.18032768261220714,0.13603599953811618,0.2897015728068777,0.7835670357901241,0.06787653673838795,0.17055035459519804,0.07314618343863209,0.00921905870280841
28890,0.1720006481452287,0.3476752085023076,0.24764515432004047,0.2460581837859586,0.24048845682028364,0.13877274857213387,0.4918027707605649,0.1531235483440787,0.22070634788424615,0.8170288588945513,0.03959481706567944,0.1281370263396692,0.040328397206440256,0.01125651375042062
28891,0.16185786222932852,0.3954059393635174,0.17244008392748916,0.2692108659871238,0.2493768686288419,0.03850220766694468,0.0,0.1265796311921158,0.34611382619428865,0.7487614258898496,0.011313097392970931,0.17683872573261114,0.07688756192930862,0.0013840325039996436
28892,0.12797198096893142,0.2842322327695551,0.2042387309282247,0.23461170281386443,0.2954328030545257,0.03520027259671704,0.24590138538028244,0.1258330263620968,0.19799639086897203,0.8228650062561853,0.3054464629421834,0.13183923043104184,0.22047493212737823,0.08819850524318198
28893,0.16835677178020458,0.4470921682071193,0.18419879963712005,0.36991695057652096,0.33064085383334785,0.04574048348181142,0.06557370276807532,0.14772179367038096,0.27256335441465285,0.7778466243959135,0.005656548696485466,0.1627862168636938,0.06806093337777228,0.003823386936150383
28894,0.1651020414846051,0.45125680213762953,0.13430737269174753,0.40546390403505556,0.14137160085792444,0.17230815713584566,0.01639342569201883,0.13837539094065132,0.3435403759782131,0.7350833933389842,0.0,0.1592315223093221,0.04485319299779517,0.002321052755821413
28895,0.17033620285443146,0.4248400646258865,0.1973163813077889,0.35401634758365585,0.2659666322244151,0.04211331598375434,0.0,0.13251035711231485,0.18032708293394872,0.8456828337390483,0.005656548696485466,0.1910850528944021,0.07601330505600963,0.00679296394068082
28896,0.14418277033108384,0.36009282893663974,0.16344544644388026,0.29015760838478616,0.24208030395699143,0.06611960727301996,0.0,0.10610053519767448,0.34778117925456065,0.8312922015499211,0.05090791445865037,0.13096090348001108,0.07987058007701055,0.03194114914312614
28897,0.15380529074459337,0.3703691689622505,0.209907593709093,0.3207218403336646,0.2632088149650237,0.050813531351518254,0.13114740553615065,0.1398110426265713,0.2946520140490273,0.7961419721886585,0.005656548696485466,0.1692107620445841,0.08383741227106117,0.003924369641213608
28898,0.15958484282167096,0.3835081845136983,0.18334470404727582,0.26947926697645636,0.24619689156166447,0.10601877352233283,0.0,0.12265067432769128,0.325028936850686,0.7978439269595377,0.10747135380406739,0.15301341379499295,0.22918036171220801,0.01510007223628312
28899,0.1608753455730107,0.3560780482237794,0.21417770172567113,0.2507837444716083,0.2456126967800576,0.15457627346027072,0.01639342569201883,0.13171772561627515,0.3783130246168628,0.8025829279418955,0.062219988041902485,0.15854606307370867,0.09466752958712737,0.01435624901828816
28900,0.12828553096882117,0.31467735889955484,0.20027425119689674,0.24498723534698266,0.2757857784417237,0.17684006858119342,0.5081961964525837,0.13170385838095267,0.28700833783363033,0.7769288904488916,0.05090791445865037,0.1280573168253309,0.07636767571682433,0.0037762604837256147
28901,0.11304433393705578,0.33377688580965825,0.13866450056234392,0.19715524979287696,0.22923682089373854,0.15474573010632856,0.04918027707605649,0.11874520305358416,0.2892955409213277,0.8280705370233719,0.011313097392970931,0.18119321447694417,0.02917200625078891,0.02756756801528816
28902,0.1806685377321764,0.36034616273594333,0.21991750181091557,0.26465629776073224,0.395054260717995,0.08265485006528711,0.2622948110723013,0.14456800770054068,0.2900187847529728,0.7767210031392691,0.0,0.15315890646453126,0.03327492105589106,0.0017987845573812899
28903,0.19784075817326002,0.466501149185261,0.20030538266085562,0.31218103800384345,0.2213642701702161,0.3619276621819988,0.01639342569201883,0.13336354185171284,0.3734454095242993,0.794827192391121,0.0169696460894564,0.17336749712819713,0.08315307835867872,0.012163544441608446
28904,0.20631820755739916,0.40144433029148907,0.27100657888756224,0.3245802215140259,0.28546414843834533,0.09583649031393873,0.5573775063154917,0.18673099745810262,0.2596778915772091,0.7940661603052983,0.011313097392970931,0.13591050985659037,0.035244266548816676,0.008403017766658282
28905,0.16641225536473864,0.41770057742320554,0.17057107813174904,0.30002304268378754,0.2070656588639509,0.17445334091930068,0.0,0.12905742221569294,0.38744004863107673,0.7659986036447808,0.15837926826271775,0.08469803505081852,0.08171760572709437,0.06652707049818816
28906,0.15379392279294607,0.38302117172534056,0.17639632585727938,0.42659295399310815,0.3572347893355985,0.0,0.13114740553615065,0.12654426309120592,0.22180453801610456,0.7775899755195679,0.0169696460894564,0.16935149885985204,0.05944184513203222,0.0061150356418073724
28907,0.1536954643167881,0.32697902780079946,0.2418718032481469,0.3339136159585815,0.17403572449881344,0.09225834115404724,0.5409840806234728,0.10050556938974942,0.2385155418822663,0.7201137650076446,0.23756890239407663,0.14905836865286604,0.21228405538777165,0.10596741988399552
28908,0.19650275183023386,0.4430734478441274,0.20916831596330027,0.3695712338754206,0.2712125485742488,0.17177120197306892,0.45901591937652725,0.162715361233992,0.16700361451912182,0.6610922368412879,0.005656548696485466,0.15583110704669603,0.07383817053419282,0.0038815274117365464
28909,0.19157877714157823,0.4047239271117733,0.2318612817653613,0.35516567756518036,0.2013378661861236,0.9999999999999999,0.44262249368450846,0.15461998294256363,0.4768566767419067,0.7869341237767395,0.1414106459829802,0.15355255713588561,0.19118411300625474,0.051858705127602225
29096,0.11376651772391856,0.16418390268821947,0.21530783914960933,0.26950940705195525,0.2843271609457434,0.22945102038143086,0.9344262972319247,0.14911967816913374,0.3920336698637634,0.5186469632615351,0.17467831898634645,0.2142107603648122,0.024003094054111343,0.07673381395936076
29097,0.10083151441193357,0.17398130707705045,0.17455459035353743,0.19430144649028527,0.4810164544872,0.10561208702869324,0.9508197229239436,0.1633158466867517,0.49165465462374436,0.45881528736976335,0.6016704479372282,0.17519419318327703,0.010601110980316044,0.10280992972060711
29098,0.10835331031972244,0.1772708197629274,0.19059307720999658,0.2071698883744627,0.3664641685802481,0.21417111565186017,1.0,0.16217660416536583,0.6477065504394142,0.6723408466201959,0.6598965542660103,0.18158648286324705,0.019485270966598994,0.031028645357122613
29099,0.09884929269507238,0.20126017359709175,0.16138518955188147,0.3911806490764891,0.33865681490423616,0.31530875944474235,0.7377051889276988,0.13738733008862747,0.5690246030396209,0.49624499604983024,0.1455652658219554,0.2812081428109082,0.014971502770020012,0.03568033681761093
29100,0.12776810159048757,0.147070830227161,0.2548934894014598,0.2374423114029258,0.28878181651739765,0.19077772288989894,0.9508197229239436,0.17936149060903905,0.396776751244752,0.46210739081573654,0.5240349569590395,0.0875908558737592,0.011648890084221705,0.14362760323131518
29101,0.12990755200072807,0.21953797226347294,0.19278571966644675,0.3212005955875684,0.3725730460575363,0.17790927522524794,0.7704920403117365,0.15761385981317932,0.6022706653556382,0.5676456987834202,0.3348001113904974,0.2009134602938187,0.07317182219143889,0.0512951084584599
29102,0.07942327154126445,0.10488854444867945,0.19415636363001348,0.13706003460804544,0.3509312494142869,0.1808169953787326,0.8852460201558682,0.17143129136817903,0.38132469407611036,0.4906025103615638,0.756939382274168,0.15957998620290112,0.03735220741847937,0.18342907690975627
29103,0.13677174195919528,0.23832563218830627,0.15935533377888095,0.45032081471117175,0.3884590202134248,0.201514879716826,0.8196723173877929,0.15551248226541037,0.576652770834672,0.47317281071069245,0.1649736266616432,0.23916414641994196,0.028281345701382063,0.050558604121333936
29104,0.12191965022600788,0.19447597957124735,0.1754167142977613,0.2719529524150645,0.48088572509583405,0.19355746514889435,0.8852460201558682,0.18505477876139942,0.5254005462486662,0.4517338589822448,0.006358882163596602,0.19409304193898805,0.012850495813372245,0.003138593170003236
29105,0.14463052207244004,0.23901302017914083,0.1982773983118135,0.35559763006297523,0.44067514693035603,0.25642316803397813,0.918032871539906,0.21849329660418726,0.5763192478280501,0.4968630899299175,0.03396488742188332,0.1562498143920489,0.02917515825463831,0.01232156800503459
29107,0.10144862334516348,0.16786281519524077,0.20585476943847397,0.38788419444231115,0.46363091446771176,0.1681924260800918,0.8524591687718305,0.1977640707473598,0.536673380479278,0.44663836529534545,0.0097046923247033,0.1819330337339595,0.018004129628774172,0.017412478002121746
29108,0.13080099179637394,0.24412979006456004,0.19705117904415143,0.347553922728952,0.4243936654077778,0.504025482345497,0.9672131486159624,0.18029845771816477,0.5030998223898486,0.6114875052662321,0.34450480371520065,0.16033455572892688,0.030783614035797137,0.03396229201186496
29109,0.14130599374404001,0.2134210189619472,0.2097419142067774,0.32945426169163083,0.46304182049994624,0.16540529629802123,0.9344262972319247,0.15168732057123124,0.5599015216237024,0.46786188088059505,0.1649736266616432,0.21771732009602943,0.03963010610318072,0.00729544259928833
29110,0.11707044433229565,0.22458055896342044,0.1608945296629321,0.40022939950189546,0.2598390239836994,0.2516941195677438,0.8524591687718305,0.14129585500623154,0.5751788484840896,0.5809633910378964,0.7714969326660824,0.1778711747249991,0.02761046966711736,0.12012445967558694
29111,0.1421745548116493,0.2147113037441376,0.20362585318231868,0.44539406531460857,0.41108898825292894,0.17692194851803603,0.8524591687718305,0.1824017252521155,0.5786844129172004,0.477683210783356,0.0630779405862744,0.20319263760857328,0.03368070325612794,0.010004256803920841
29112,0.12027456533726226,0.20060822784566762,0.20129614252138162,0.24372298105328047,0.37718019874871755,0.21571179476006538,0.7540986146197176,0.19946625737572488,0.6559023074678942,0.6532994227796312,0.02426121890689884,0.2197551059684942,0.04131513937599111,0.005102998646171268
29113,0.1086549520811504,0.19136540266663699,0.19350508089156626,0.21283601497860197,0.3794063493790325,0.1828169629633085,0.918032871539906,0.07512179178613632,0.4534634035280569,0.5974682503306512,0.13586057349725209,0.22480018067626853,0.03803703769782316,0.026012273698953963
29114,0.1431838980029026,0.27294511855626324,0.1649661130546689,0.43803282658307774,0.38589785064188153,0.24465483733077267,0.8360657430798117,0.17018567563970066,0.5665672160800637,0.3983979776497208,0.03396488742188332,0.22918945119808007,0.02696104640671554,0.05581305004870662
29115,0.13128351093414192,0.20177923553404886,0.19727110400037717,0.2921374660904168,0.36480716057908813,0.14275337361508525,0.9344262972319247,0.18672133316926653,0.5658709145754144,0.4508074101216643,0.014556526582195538,0.24707136055122927,0.05537697088927518,0.0055002496488115345
29116,0.09553375471197655,0.17006788744882528,0.17326319221830155,0.2664362243715255,0.3608377246500587,0.21281331697852227,0.803278891695774,0.09346229616564827,0.38841454485080873,0.6460684933614398,0.1455652658219554,0.213503934704154,0.08548789427924572,0.010562773098684348
29117,0.12515622573461027,0.2052837778467293,0.19648027505275395,0.30867829660831286,0.5065388359403429,0.16732185962250087,0.8196723173877929,0.0801894658036355,0.48403643064871127,0.4873355326008269,0.019408360839687777,0.24267196598010501,0.02814526309033054,0.0022492884512615445
29118,0.11081341781939145,0.20130214887901682,0.17448471660550985,0.2978144547372996,0.38235344504330104,0.17889803564650744,0.9344262972319247,0.17085028377807587,0.5448132927023992,0.5686139592661161,0.04852141400407886,0.2145228697487995,0.026759343199636604,0.013481617763142365
29119,0.08730829820384552,0.1733243234229871,0.15472071970482737,0.25955236167417545,0.3308307063427576,0.21081157905932232,0.7213117632356799,0.19599973371769375,0.6300344908606224,0.6082456174462323,0.0,0.21757950393855482,0.011695218649211962,0.004565903466146291
29120,0.13830819583435688,0.2769366120509039,0.15836279225746436,0.4572991301887528,0.42938570694399947,0.16705939289822422,0.901639445847887,0.191253579364685,0.5621359028124624,0.4227763600600423,0.0,0.20714051245251355,0.012809191306854099,0.0031508924600489423
29121,0.1293457653705543,0.23612500744271925,0.16575824084668184,0.4127262567984589,0.4404742682368348,0.1194410843226448,0.6885249118516423,0.12358975247961046,0.56005633642247,0.4693997677257428,0.0097046923247033,0.24329602932353026,0.009923543565916834,0.05522248776629427
29122,0.11173885028731272,0.1977456241939608,0.15782167464405567,0.3185620809284684,0.403586100543313,0.13679827777369338,0.901639445847887,0.13863972680044,0.5830441704410885,0.4917421603225058,0.029113053164391077,0.20559385103856673,0.021945140430542603,0.00317353100814178
29123,0.14449996764869044,0.244323294179162,0.20043243140291406,0.41911862232807584,0.4048649328629377,0.17652900527471263,0.8852460201558682,0.16463916716356963,0.5343660017672205,0.6067159531847486,0.12615690498226761,0.19748511722528497,0.032374006183680686,0.01861850461282999
29124,0.15706221834518175,0.25262955442022816,0.21634451961953277,0.4952169430773746,0.405707397493696,0.13304101036323365,0.803278891695774,0.181788120902866,0.6046940032782648,0.4271843743985199,0.0,0.24309117565942703,0.01373002271927552,0.0016279047549262386
29125,0.12462378618732915,0.2190758002803052,0.1823620731845691,0.27479413630690913,0.3385153391444131,0.18503176264604773,0.803278891695774,0.18647192389401734,0.6358153061029974,0.5546939324091509,0.3687660226220995,0.20286347397492197,0.0810984210830609,0.02331390942812807
29126,0.1195211388992705,0.21775578488258712,0.18155566082436225,0.30528813726705706,0.36490485483778956,0.18608269973337818,0.8688525944638493,0.1628185793603547,0.5833490789536708,0.5620609896943438,0.5822610632878216,0.19970597153497563,0.043019553053778345,0.06471831084171029
29127,0.12326885247095672,0.19638506191392924,0.18063248575363555,0.3661032780100063,0.4024164035655753,0.20800175174878913,0.9344262972319247,0.2348457364808918,0.562602017517845,0.5097445178740154,0.0,0.2358035522505775,0.022363355371196686,0.005239536831514664
29128,0.13844970569325016,0.23986087664379385,0.19968263233754124,0.40249959259600715,0.386083682007359,0.18076173843756535,0.9344262972319247,0.20707264695871053,0.586477196267857,0.4509240781437646,0.0,0.14270892867668492,0.005470050814912226,0.007150546609011118
29129,0.12734312346952004,0.22129469013798492,0.17472085603588666,0.36161690188110585,0.3967904324273539,0.1401263447097484,0.8360657430798117,0.14881488799245712,0.5380231295631812,0.5220355471806575,0.09704385181787653,0.21692387046854342,0.04243000019172726,0.09737001264145666
29130,0.13704906399175798,0.24025738726488494,0.19072232922735483,0.4422019672707794,0.42560925215286205,0.15782743721088574,0.8688525944638493,0.1857979481228651,0.6376351552237365,0.3660365453785746,0.0,0.20224133301178845,0.04045058890706948,0.0028891371485014637
29131,0.13821826505997442,0.24042363805197786,0.18803268090507314,0.37247739965182947,0.40760407001518373,0.1377037698098442,0.8360657430798117,0.17506287062957981,0.6434894603497052,0.443778574706528,0.019408360839687777,0.26283240995266255,0.041104858005165015,0.013421531536300785
29133,0.16174531818905907,0.2107799586288312,0.27509159817848866,0.4683929859232274,0.3402096687646008,0.16563601695726896,0.9344262972319247,0.23252118840780867,0.5797748218984173,0.4580301796776714,0.13100873923975986,0.2122390634755886,0.05413084236930231,0.022290919102488992
29134,0.11854943941457156,0.20727861550477505,0.1801398320365445,0.30036365496130735,0.3250402325461066,0.18309533533009673,0.7377051889276988,0.13107131014995266,0.5613447689988555,0.5610062619192453,0.6550436961987993,0.17682936146057385,0.02447548074690431,0.05180207484060513
29135,0.15846989979122034,0.27986590541762857,0.19278856352363938,0.47713546425228665,0.43618761784369964,0.15109311640645282,0.918032871539906,0.23677336448885433,0.5548328321600975,0.42342222539273083,0.0,0.2005009080801395,0.032501734511632296,0.005923445191585951
29136,0.1520812456229388,0.23438393798806129,0.2030093876337949,0.36997003678734297,0.3602428799881514,0.1784794468533479,0.9344262972319247,0.1783915028096894,0.4768911679741217,0.37976453235079927,0.18438301131104975,0.1901178477500042,0.012104912869179684,0.012842293883213538
29137,0.10558286442585137,0.1783706906232062,0.19713080976563652,0.28639639396630195,0.4006180548880116,0.20501851480059494,0.8360657430798117,0.14729404529900703,0.4934107867482769,0.6004117929787816,0.271722170804223,0.16331902020670871,0.010140174604310583,0.08014029602009826
